hex_id,priority_habitat_share,distance_to_priority_habitat_m,agri_opportunity_score_raw,flood_extent_share,flood_weighted_share,distance_to_flood_m,flood_proximity_score,flood_opportunity_score_raw,flood_feature_source,peat_extent_share,peatland_context_share,peat_weighted_share,distance_to_peat_m,peat_proximity_score,peat_opportunity_score_raw,peat_feature_source,bird_species_richness,bird_record_count,mammal_species_richness,mammal_record_count,cell_area_ratio,connectivity_score,restoration_opportunity_score,habitat_mosaic_score,undersized_cell_penalty,run_profile,flood_source_path,flood_source_layer,flood_clean_path,peat_source_path,peat_source_layer,peat_clean_path,bird_species_richness_score,bird_record_coverage_score,bird_observation_score_raw,mammal_species_richness_score,mammal_record_coverage_score,mammal_observation_score_raw,biodiversity_taxa_present,biodiversity_record_coverage_score,biodiversity_observation_score_raw,scenario_nature_first,scenario_balanced,scenario_low_conflict,lnrs_name
hex_0131578,85.33328286738879,0.0,100.0,1.0,0.39999999999999997,0.0,100.0,58.0,dedicated_dataset,1.0,1.0,1.0,0.0,100.0,100.0,dedicated_dataset,0.0,0.0,0.0,0.0,1.0,100.0,99.15,4.27,1.0,canonical_published,data/interim/canonical_sources/ea_flood_zones_simplified.parquet,,data/interim/flood_ea_flood_zones_simplified_clean.parquet,data/interim/canonical_sources/england_peat_map_simplified.parquet,,data/interim/peat_england_peat_map_simplified_clean.parquet,0.0,0.0,0.0,100.0,0.0,0.0,0,0.0,0.0,68.62,71.56,71.85,
hex_0131394,76.84333198067571,0.0,100.0,1.0,0.39999999999999997,0.0,100.0,58.0,dedicated_dataset,1.0,1.0,1.0,0.0,100.0,100.0,dedicated_dataset,0.0,0.0,0.0,0.0,1.0,100.0,99.23,3.84,1.0,canonical_published,data/interim/canonical_sources/ea_flood_zones_simplified.parquet,,data/interim/flood_ea_flood_zones_simplified_clean.parquet,data/interim/canonical_sources/england_peat_map_simplified.parquet,,data/interim/peat_england_peat_map_simplified_clean.parquet,0.0,0.0,0.0,100.0,0.0,0.0,0,0.0,0.0,68.62,71.56,71.83,
hex_0131521,82.98808951853366,0.0,100.0,1.0,0.39999999999999997,0.0,100.0,58.0,dedicated_dataset,1.0,1.0,1.0,0.0,100.0,100.0,dedicated_dataset,0.0,0.0,0.0,0.0,1.0,100.0,99.17,4.15,1.0,canonical_published,data/interim/canonical_sources/ea_flood_zones_simplified.parquet,,data/interim/flood_ea_flood_zones_simplified_clean.parquet,data/interim/canonical_sources/england_peat_map_simplified.parquet,,data/interim/peat_england_peat_map_simplified_clean.parquet,0.0,0.0,0.0,100.0,0.0,0.0,0,0.0,0.0,68.62,71.56,71.84,
hex_0131463,100.0,0.0,100.0,1.0,0.39999999999999997,0.0,100.0,58.0,dedicated_dataset,1.0,1.0,1.0,0.0,100.0,100.0,dedicated_dataset,0.0,0.0,0.0,0.0,1.0,100.0,99.0,5.0,1.0,canonical_published,data/interim/canonical_sources/ea_flood_zones_simplified.parquet,,data/interim/flood_ea_flood_zones_simplified_clean.parquet,data/interim/canonical_sources/england_peat_map_simplified.parquet,,data/interim/peat_england_peat_map_simplified_clean.parquet,0.0,0.0,0.0,100.0,0.0,0.0,0,0.0,0.0,68.6,71.55,71.87,
hex_0127483,100.0,0.0,100.0,1.0,0.39999999999999997,0.0,100.0,58.0,dedicated_dataset,1.0,1.0,1.0,0.0,100.0,100.0,dedicated_dataset,0.0,0.0,0.0,0.0,1.0,100.0,99.0,5.0,1.0,canonical_published,data/interim/canonical_sources/ea_flood_zones_simplified.parquet,,data/interim/flood_ea_flood_zones_simplified_clean.parquet,data/interim/canonical_sources/england_peat_map_simplified.parquet,,data/interim/peat_england_peat_map_simplified_clean.parquet,0.0,0.0,0.0,100.0,0.0,0.0,0,0.0,0.0,68.6,71.55,71.87,
hex_0127598,100.0,0.0,100.0,1.0,0.39999999999999997,0.0,100.0,58.0,dedicated_dataset,1.0,1.0,1.0,0.0,100.0,100.0,dedicated_dataset,0.0,0.0,0.0,0.0,1.0,100.0,99.0,5.0,1.0,canonical_published,data/interim/canonical_sources/ea_flood_zones_simplified.parquet,,data/interim/flood_ea_flood_zones_simplified_clean.parquet,data/interim/canonical_sources/england_peat_map_simplified.parquet,,data/interim/peat_england_peat_map_simplified_clean.parquet,0.0,0.0,0.0,100.0,0.0,0.0,0,0.0,0.0,68.6,71.55,71.87,
hex_0131222,97.14356211465338,0.0,100.0,1.0,0.39999999999999997,0.0,100.0,58.0,dedicated_dataset,1.0,1.0,1.0,0.0,100.0,100.0,dedicated_dataset,0.0,0.0,0.0,0.0,1.0,100.0,99.03,4.86,1.0,canonical_published,data/interim/canonical_sources/ea_flood_zones_simplified.parquet,,data/interim/flood_ea_flood_zones_simplified_clean.parquet,data/interim/canonical_sources/england_peat_map_simplified.parquet,,data/interim/peat_england_peat_map_simplified_clean.parquet,0.0,0.0,0.0,100.0,0.0,0.0,0,0.0,0.0,68.6,71.55,71.87,
hex_0131279,99.99999999999983,0.0,100.0,1.0,0.39999999999999997,0.0,100.0,58.0,dedicated_dataset,1.0,1.0,1.0,0.0,100.0,100.0,dedicated_dataset,0.0,0.0,0.0,0.0,1.0,100.0,99.0,5.0,1.0,canonical_published,data/interim/canonical_sources/ea_flood_zones_simplified.parquet,,data/interim/flood_ea_flood_zones_simplified_clean.parquet,data/interim/canonical_sources/england_peat_map_simplified.parquet,,data/interim/peat_england_peat_map_simplified_clean.parquet,0.0,0.0,0.0,100.0,0.0,0.0,0,0.0,0.0,68.6,71.55,71.87,
hex_0131350,99.99495940017647,0.0,100.0,1.0,0.39999999999999997,0.0,100.0,58.0,dedicated_dataset,1.0,1.0,1.0,0.0,100.0,100.0,dedicated_dataset,0.0,0.0,0.0,0.0,1.0,100.0,99.0,5.0,1.0,canonical_published,data/interim/canonical_sources/ea_flood_zones_simplified.parquet,,data/interim/flood_ea_flood_zones_simplified_clean.parquet,data/interim/canonical_sources/england_peat_map_simplified.parquet,,data/interim/peat_england_peat_map_simplified_clean.parquet,0.0,0.0,0.0,100.0,0.0,0.0,0,0.0,0.0,68.6,71.55,71.87,
hex_0131405,99.99999999999993,0.0,100.0,1.0,0.39999999999999997,0.0,100.0,58.0,dedicated_dataset,1.0,1.0,1.0,0.0,100.0,100.0,dedicated_dataset,0.0,0.0,0.0,0.0,1.0,100.0,99.0,5.0,1.0,canonical_published,data/interim/canonical_sources/ea_flood_zones_simplified.parquet,,data/interim/flood_ea_flood_zones_simplified_clean.parquet,data/interim/canonical_sources/england_peat_map_simplified.parquet,,data/interim/peat_england_peat_map_simplified_clean.parquet,0.0,0.0,0.0,100.0,0.0,0.0,0,0.0,0.0,68.6,71.55,71.87,
hex_0131406,100.00000000000054,0.0,100.0,1.0,0.39999999999999997,0.0,100.0,58.0,dedicated_dataset,1.0,1.0,1.0,0.0,100.0,100.0,dedicated_dataset,0.0,0.0,0.0,0.0,1.0,100.0,99.0,5.0,1.0,canonical_published,data/interim/canonical_sources/ea_flood_zones_simplified.parquet,,data/interim/flood_ea_flood_zones_simplified_clean.parquet,data/interim/canonical_sources/england_peat_map_simplified.parquet,,data/interim/peat_england_peat_map_simplified_clean.parquet,0.0,0.0,0.0,100.0,0.0,0.0,0,0.0,0.0,68.6,71.55,71.87,
hex_0131407,100.0,0.0,100.0,1.0,0.39999999999999997,0.0,100.0,58.0,dedicated_dataset,1.0,1.0,1.0,0.0,100.0,100.0,dedicated_dataset,0.0,0.0,0.0,0.0,1.0,100.0,99.0,5.0,1.0,canonical_published,data/interim/canonical_sources/ea_flood_zones_simplified.parquet,,data/interim/flood_ea_flood_zones_simplified_clean.parquet,data/interim/canonical_sources/england_peat_map_simplified.parquet,,data/interim/peat_england_peat_map_simplified_clean.parquet,0.0,0.0,0.0,100.0,0.0,0.0,0,0.0,0.0,68.6,71.55,71.87,
hex_0131408,100.0,0.0,100.0,1.0,0.39999999999999997,0.0,100.0,58.0,dedicated_dataset,1.0,1.0,1.0,0.0,100.0,100.0,dedicated_dataset,0.0,0.0,0.0,0.0,1.0,100.0,99.0,5.0,1.0,canonical_published,data/interim/canonical_sources/ea_flood_zones_simplified.parquet,,data/interim/flood_ea_flood_zones_simplified_clean.parquet,data/interim/canonical_sources/england_peat_map_simplified.parquet,,data/interim/peat_england_peat_map_simplified_clean.parquet,0.0,0.0,0.0,100.0,0.0,0.0,0,0.0,0.0,68.6,71.55,71.87,
hex_0131462,100.0,0.0,100.0,1.0,0.39999999999999997,0.0,100.0,58.0,dedicated_dataset,1.0,1.0,1.0,0.0,100.0,100.0,dedicated_dataset,0.0,0.0,0.0,0.0,1.0,100.0,99.0,5.0,1.0,canonical_published,data/interim/canonical_sources/ea_flood_zones_simplified.parquet,,data/interim/flood_ea_flood_zones_simplified_clean.parquet,data/interim/canonical_sources/england_peat_map_simplified.parquet,,data/interim/peat_england_peat_map_simplified_clean.parquet,0.0,0.0,0.0,100.0,0.0,0.0,0,0.0,0.0,68.6,71.55,71.87,
hex_0127425,99.99999999999862,0.0,100.0,1.0,0.39999999999999997,0.0,100.0,58.0,dedicated_dataset,1.0,1.0,1.0,0.0,100.0,100.0,dedicated_dataset,0.0,0.0,0.0,0.0,1.0,100.0,99.0,5.0,1.0,canonical_published,data/interim/canonical_sources/ea_flood_zones_simplified.parquet,,data/interim/flood_ea_flood_zones_simplified_clean.parquet,data/interim/canonical_sources/england_peat_map_simplified.parquet,,data/interim/peat_england_peat_map_simplified_clean.parquet,0.0,0.0,0.0,100.0,0.0,0.0,0,0.0,0.0,68.6,71.55,71.87,
hex_0131464,100.0,0.0,100.0,1.0,0.39999999999999997,0.0,100.0,58.0,dedicated_dataset,1.0,1.0,1.0,0.0,100.0,100.0,dedicated_dataset,0.0,0.0,0.0,0.0,1.0,100.0,99.0,5.0,1.0,canonical_published,data/interim/canonical_sources/ea_flood_zones_simplified.parquet,,data/interim/flood_ea_flood_zones_simplified_clean.parquet,data/interim/canonical_sources/england_peat_map_simplified.parquet,,data/interim/peat_england_peat_map_simplified_clean.parquet,0.0,0.0,0.0,100.0,0.0,0.0,0,0.0,0.0,68.6,71.55,71.87,
hex_0131520,100.0,0.0,100.0,1.0,0.39999999999999997,0.0,100.0,58.0,dedicated_dataset,1.0,1.0,1.0,0.0,100.0,100.0,dedicated_dataset,0.0,0.0,0.0,0.0,1.0,100.0,99.0,5.0,1.0,canonical_published,data/interim/canonical_sources/ea_flood_zones_simplified.parquet,,data/interim/flood_ea_flood_zones_simplified_clean.parquet,data/interim/canonical_sources/england_peat_map_simplified.parquet,,data/interim/peat_england_peat_map_simplified_clean.parquet,0.0,0.0,0.0,100.0,0.0,0.0,0,0.0,0.0,68.6,71.55,71.87,
hex_0131465,100.0,0.0,100.0,1.0,0.39999999999999997,0.0,100.0,58.0,dedicated_dataset,1.0,1.0,1.0,0.0,100.0,100.0,dedicated_dataset,0.0,0.0,0.0,0.0,1.0,100.0,99.0,5.0,1.0,canonical_published,data/interim/canonical_sources/ea_flood_zones_simplified.parquet,,data/interim/flood_ea_flood_zones_simplified_clean.parquet,data/interim/canonical_sources/england_peat_map_simplified.parquet,,data/interim/peat_england_peat_map_simplified_clean.parquet,0.0,0.0,0.0,100.0,0.0,0.0,0,0.0,0.0,68.6,71.55,71.87,
hex_0131519,99.99999999999991,0.0,100.0,1.0,0.39999999999999997,0.0,100.0,58.0,dedicated_dataset,1.0,1.0,1.0,0.0,100.0,100.0,dedicated_dataset,0.0,0.0,0.0,0.0,1.0,100.0,99.0,5.0,1.0,canonical_published,data/interim/canonical_sources/ea_flood_zones_simplified.parquet,,data/interim/flood_ea_flood_zones_simplified_clean.parquet,data/interim/canonical_sources/england_peat_map_simplified.parquet,,data/interim/peat_england_peat_map_simplified_clean.parquet,0.0,0.0,0.0,100.0,0.0,0.0,0,0.0,0.0,68.6,71.55,71.87,
hex_0131522,99.53832922920027,0.0,100.0,1.0,0.39999999999999997,0.0,100.0,58.0,dedicated_dataset,1.0,1.0,1.0,0.0,100.0,100.0,dedicated_dataset,0.0,0.0,0.0,0.0,1.0,100.0,99.0,4.98,1.0,canonical_published,data/interim/canonical_sources/ea_flood_zones_simplified.parquet,,data/interim/flood_ea_flood_zones_simplified_clean.parquet,data/interim/canonical_sources/england_peat_map_simplified.parquet,,data/interim/peat_england_peat_map_simplified_clean.parquet,0.0,0.0,0.0,100.0,0.0,0.0,0,0.0,0.0,68.6,71.55,71.87,
hex_0131281,78.63063328939035,0.0,100.0,0.990401971580947,0.3961607886323788,0.0,100.0,57.73,dedicated_dataset,0.9999999999999886,0.9999999999999886,0.9999999999999886,0.0,100.0,100.0,dedicated_dataset,0.0,0.0,0.0,0.0,1.0,100.0,99.21,3.93,1.0,canonical_published,data/interim/canonical_sources/ea_flood_zones_simplified.parquet,,data/interim/flood_ea_flood_zones_simplified_clean.parquet,data/interim/canonical_sources/england_peat_map_simplified.parquet,,data/interim/peat_england_peat_map_simplified_clean.parquet,0.0,0.0,0.0,100.0,0.0,0.0,0,0.0,0.0,68.58,71.51,71.79,
hex_0127655,56.50731553010148,0.0,100.0,1.0,0.39999999999999997,0.0,100.0,58.0,dedicated_dataset,0.9943819800420889,0.9943819800420889,0.9943819800420889,0.0,100.0,99.61,dedicated_dataset,0.0,0.0,0.0,0.0,1.0,100.0,99.43,2.83,1.0,canonical_published,data/interim/canonical_sources/ea_flood_zones_simplified.parquet,,data/interim/flood_ea_flood_zones_simplified_clean.parquet,data/interim/canonical_sources/england_peat_map_simplified.parquet,,data/interim/peat_england_peat_map_simplified_clean.parquet,0.0,0.0,0.0,100.0,0.0,0.0,0,0.0,0.0,68.58,71.51,71.76,
hex_0127540,79.6492625087567,0.0,100.0,1.0,0.39999999999999997,0.0,100.0,58.0,dedicated_dataset,0.9909826383764135,0.9909826383764135,0.9909826383764135,0.0,100.0,99.37,dedicated_dataset,0.0,0.0,0.0,0.0,1.0,100.0,99.2,3.98,1.0,canonical_published,data/interim/canonical_sources/ea_flood_zones_simplified.parquet,,data/interim/flood_ea_flood_zones_simplified_clean.parquet,data/interim/canonical_sources/england_peat_map_simplified.parquet,,data/interim/peat_england_peat_map_simplified_clean.parquet,0.0,0.0,0.0,100.0,0.0,0.0,0,0.0,0.0,68.52,71.46,71.77,
hex_0131577,96.71497426258468,0.0,100.0,0.9828055102423797,0.3931222040969519,0.0,100.0,57.52,dedicated_dataset,1.0,1.0,1.0,0.0,100.0,100.0,dedicated_dataset,0.0,0.0,0.0,0.0,1.0,100.0,99.03,4.84,1.0,canonical_published,data/interim/canonical_sources/ea_flood_zones_simplified.parquet,,data/interim/flood_ea_flood_zones_simplified_clean.parquet,data/interim/canonical_sources/england_peat_map_simplified.parquet,,data/interim/peat_england_peat_map_simplified_clean.parquet,0.0,0.0,0.0,100.0,0.0,0.0,0,0.0,0.0,68.53,71.46,71.79,
hex_0131579,50.23510201046222,129.42888712248657,100.0,1.0,0.39999999999999997,0.0,100.0,58.0,dedicated_dataset,1.0,1.0,1.0,0.0,100.0,100.0,dedicated_dataset,0.0,0.0,0.0,0.0,1.0,99.20449314024675,98.71,2.51,1.0,canonical_published,data/interim/canonical_sources/ea_flood_zones_simplified.parquet,,data/interim/flood_ea_flood_zones_simplified_clean.parquet,data/interim/canonical_sources/england_peat_map_simplified.parquet,,data/interim/peat_england_peat_map_simplified_clean.parquet,0.0,0.0,0.0,100.0,0.0,0.0,0,0.0,0.0,68.37,71.34,71.64,
hex_0127367,69.28814435190371,0.0,100.0,1.0,0.39999999999999997,0.0,100.0,58.0,dedicated_dataset,0.9613791667294884,0.9613791667294884,0.9613791667294884,0.0,100.0,97.3,dedicated_dataset,0.0,0.0,0.0,0.0,1.0,100.0,99.31,3.46,1.0,canonical_published,data/interim/canonical_sources/ea_flood_zones_simplified.parquet,,data/interim/flood_ea_flood_zones_simplified_clean.parquet,data/interim/canonical_sources/england_peat_map_simplified.parquet,,data/interim/peat_england_peat_map_simplified_clean.parquet,0.0,0.0,0.0,100.0,0.0,0.0,0,0.0,0.0,68.23,71.16,71.55,
hex_0127368,88.26332707709722,0.0,100.0,0.9930811718118001,0.39723246872472,0.0,100.0,57.81,dedicated_dataset,0.9468835685955053,0.9468835685955053,0.9468835685955053,0.0,100.0,96.28,dedicated_dataset,0.0,0.0,0.0,0.0,1.0,100.0,99.12,4.41,1.0,canonical_published,data/interim/canonical_sources/ea_flood_zones_simplified.parquet,,data/interim/flood_ea_flood_zones_simplified_clean.parquet,data/interim/canonical_sources/england_peat_map_simplified.parquet,,data/interim/peat_england_peat_map_simplified_clean.parquet,0.0,0.0,0.0,100.0,0.0,0.0,0,0.0,0.0,68.03,70.96,71.45,
hex_0131339,86.42438631588294,0.0,100.0,1.0,0.39999999999999997,0.0,100.0,58.0,dedicated_dataset,0.9297490958266065,0.9297490958266065,0.9297490958266065,0.0,100.0,95.08,dedicated_dataset,0.0,0.0,0.0,0.0,1.0,100.0,99.14,4.32,1.0,canonical_published,data/interim/canonical_sources/ea_flood_zones_simplified.parquet,,data/interim/flood_ea_flood_zones_simplified_clean.parquet,data/interim/canonical_sources/england_peat_map_simplified.parquet,,data/interim/peat_england_peat_map_simplified_clean.parquet,0.0,0.0,0.0,100.0,0.0,0.0,0,0.0,0.0,67.88,70.82,71.36,
hex_0131223,92.77823532237234,0.0,100.0,0.9811916329636069,0.3924766531854427,0.0,100.0,57.47,dedicated_dataset,0.9382994264421892,0.9382994264421892,0.9382994264421892,0.0,100.0,95.68,dedicated_dataset,0.0,0.0,0.0,0.0,1.0,100.0,99.07,4.64,1.0,canonical_published,data/interim/canonical_sources/ea_flood_zones_simplified.parquet,,data/interim/flood_ea_flood_zones_simplified_clean.parquet,data/interim/canonical_sources/england_peat_map_simplified.parquet,,data/interim/peat_england_peat_map_simplified_clean.parquet,0.0,0.0,0.0,100.0,0.0,0.0,0,0.0,0.0,67.88,70.8,71.35,
hex_0131461,74.33678800403389,0.0,100.0,1.0,0.39999999999999997,0.0,100.0,58.0,dedicated_dataset,0.9252371821992003,0.9252371821992003,0.9252371821992003,0.0,100.0,94.77,dedicated_dataset,0.0,0.0,0.0,0.0,1.0,100.0,99.26,3.72,1.0,canonical_published,data/interim/canonical_sources/ea_flood_zones_simplified.parquet,,data/interim/flood_ea_flood_zones_simplified_clean.parquet,data/interim/canonical_sources/england_peat_map_simplified.parquet,,data/interim/peat_england_peat_map_simplified_clean.parquet,0.0,0.0,0.0,100.0,0.0,0.0,0,0.0,0.0,67.84,70.78,71.3,
hex_0131523,87.18287370605896,0.0,100.0,1.0,0.39999999999999997,0.0,100.0,58.0,dedicated_dataset,0.9232745686493974,0.9232745686493974,0.9232745686493974,0.0,100.0,94.63,dedicated_dataset,0.0,0.0,0.0,0.0,1.0,100.0,99.13,4.36,1.0,canonical_published,data/interim/canonical_sources/ea_flood_zones_simplified.parquet,,data/interim/flood_ea_flood_zones_simplified_clean.parquet,data/interim/canonical_sources/england_peat_map_simplified.parquet,,data/interim/peat_england_peat_map_simplified_clean.parquet,0.0,0.0,0.0,100.0,0.0,0.0,0,0.0,0.0,67.81,70.75,71.31,
hex_0127424,54.11502585273057,0.0,100.0,1.0,0.39999999999999997,0.0,100.0,58.0,dedicated_dataset,0.9177303273124255,0.9177303273124255,0.9177303273124255,0.0,100.0,94.24,dedicated_dataset,0.0,0.0,0.0,0.0,1.0,100.0,99.46,2.71,1.0,canonical_published,data/interim/canonical_sources/ea_flood_zones_simplified.parquet,,data/interim/flood_ea_flood_zones_simplified_clean.parquet,data/interim/canonical_sources/england_peat_map_simplified.parquet,,data/interim/peat_england_peat_map_simplified_clean.parquet,0.0,0.0,0.0,100.0,0.0,0.0,0,0.0,0.0,67.78,70.71,71.22,
hex_0131338,69.08914073217339,0.0,100.0,0.8502970243572628,0.3401188097429051,0.0,100.0,53.81,dedicated_dataset,0.9983064392103772,0.9983064392103772,0.9983064392103772,0.0,100.0,99.88,dedicated_dataset,0.0,0.0,0.0,0.0,1.0,100.0,99.31,3.45,1.0,canonical_published,data/interim/canonical_sources/ea_flood_zones_simplified.parquet,,data/interim/flood_ea_flood_zones_simplified_clean.parquet,data/interim/canonical_sources/england_peat_map_simplified.parquet,,data/interim/peat_england_peat_map_simplified_clean.parquet,0.0,0.0,0.0,100.0,0.0,0.0,0,0.0,0.0,67.98,70.71,71.18,
hex_0131396,43.325737632921204,21.948423207759323,100.0,0.9999999999999977,0.3999999999999991,0.0,100.0,58.0,dedicated_dataset,0.9078276412025859,0.9078276412025859,0.9078276412025859,2.7651517976280933,99.9880810510799,93.54,dedicated_dataset,0.0,0.0,0.0,0.0,1.0,99.86509873019293,99.43,2.17,1.0,canonical_published,data/interim/canonical_sources/ea_flood_zones_simplified.parquet,,data/interim/flood_ea_flood_zones_simplified_clean.parquet,data/interim/canonical_sources/england_peat_map_simplified.parquet,,data/interim/peat_england_peat_map_simplified_clean.parquet,0.0,0.0,0.0,100.0,0.0,0.0,0,0.0,0.0,67.64,70.57,71.1,
hex_0131466,76.04593677001185,0.0,100.0,0.9937661810309985,0.3975064724123994,0.0,100.0,57.83,dedicated_dataset,0.8919133301568518,0.8919133301568518,0.8919133301568518,0.0,100.0,92.43,dedicated_dataset,0.0,0.0,0.0,0.0,1.0,100.0,99.24,3.8,1.0,canonical_published,data/interim/canonical_sources/ea_flood_zones_simplified.parquet,,data/interim/flood_ea_flood_zones_simplified_clean.parquet,data/interim/canonical_sources/england_peat_map_simplified.parquet,,data/interim/peat_england_peat_map_simplified_clean.parquet,0.0,0.0,0.0,100.0,0.0,0.0,0,0.0,0.0,67.46,70.39,71.05,
hex_0131280,99.999999999999,0.0,100.0,0.7289418341691961,0.29157673366767844,0.0,100.0,50.41,dedicated_dataset,0.9798932619826285,0.9798932619826285,0.9798932619826285,0.0,100.0,98.59,dedicated_dataset,0.0,0.0,0.0,0.0,1.0,100.0,99.0,5.0,1.0,canonical_published,data/interim/canonical_sources/ea_flood_zones_simplified.parquet,,data/interim/flood_ea_flood_zones_simplified_clean.parquet,data/interim/canonical_sources/england_peat_map_simplified.parquet,,data/interim/peat_england_peat_map_simplified_clean.parquet,0.0,0.0,0.0,100.0,0.0,0.0,0,0.0,0.0,67.25,69.82,70.59,
hex_0127713,75.2092326360975,0.0,100.0,1.0,0.39999999999999997,0.0,100.0,58.0,dedicated_dataset,0.7988684800776168,0.7988684800776168,0.7988684800776168,0.0,100.0,85.92,dedicated_dataset,0.0,0.0,0.0,0.0,1.0,100.0,99.25,3.76,1.0,canonical_published,data/interim/canonical_sources/ea_flood_zones_simplified.parquet,,data/interim/flood_ea_flood_zones_simplified_clean.parquet,data/interim/canonical_sources/england_peat_map_simplified.parquet,,data/interim/peat_england_peat_map_simplified_clean.parquet,0.0,0.0,0.0,100.0,0.0,0.0,0,0.0,0.0,66.51,69.45,70.42,
hex_0131580,69.49884491658462,0.0,100.0,1.0,0.39999999999999997,0.0,100.0,58.0,dedicated_dataset,0.7684741887920955,0.7684741887920955,0.7684741887920955,0.0,100.0,83.79,dedicated_dataset,0.0,0.0,0.0,0.0,1.0,100.0,99.31,3.47,1.0,canonical_published,data/interim/canonical_sources/ea_flood_zones_simplified.parquet,,data/interim/flood_ea_flood_zones_simplified_clean.parquet,data/interim/canonical_sources/england_peat_map_simplified.parquet,,data/interim/peat_england_peat_map_simplified_clean.parquet,0.0,0.0,0.0,100.0,0.0,0.0,0,0.0,0.0,66.2,69.14,70.2,
hex_0131337,65.72343962446635,0.0,100.0,0.6242779053250427,0.2497111621300171,0.0,100.0,47.48,dedicated_dataset,0.9526722265760256,0.9526722265760256,0.9526722265760256,0.0,100.0,96.69,dedicated_dataset,0.0,0.0,0.0,0.0,1.0,100.0,99.34,3.29,1.0,canonical_published,data/interim/canonical_sources/ea_flood_zones_simplified.parquet,,data/interim/flood_ea_flood_zones_simplified_clean.parquet,data/interim/canonical_sources/england_peat_map_simplified.parquet,,data/interim/peat_england_peat_map_simplified_clean.parquet,0.0,0.0,0.0,100.0,0.0,0.0,0,0.0,0.0,66.56,68.97,69.9,
hex_0131637,67.12996487742319,0.0,100.0,1.0,0.39999999999999997,0.0,100.0,58.0,dedicated_dataset,0.7352639354878868,0.7352639354878868,0.7352639354878868,0.0,100.0,81.47,dedicated_dataset,0.0,0.0,0.0,0.0,1.0,100.0,99.33,3.36,1.0,canonical_published,data/interim/canonical_sources/ea_flood_zones_simplified.parquet,,data/interim/flood_ea_flood_zones_simplified_clean.parquet,data/interim/canonical_sources/england_peat_map_simplified.parquet,,data/interim/peat_england_peat_map_simplified_clean.parquet,0.0,0.0,0.0,100.0,0.0,0.0,0,0.0,0.0,65.85,68.79,69.96,
hex_0131349,53.739991128834795,1.344082439905745,100.0,1.0,0.39999999999999997,0.0,100.0,58.0,dedicated_dataset,0.7348743817141439,0.7348743817141439,0.7348743817141439,0.0,100.0,81.44,dedicated_dataset,0.0,0.0,0.0,0.0,1.0,99.99173888592577,99.45,2.69,1.0,canonical_published,data/interim/canonical_sources/ea_flood_zones_simplified.parquet,,data/interim/flood_ea_flood_zones_simplified_clean.parquet,data/interim/canonical_sources/england_peat_map_simplified.parquet,,data/interim/peat_england_peat_map_simplified_clean.parquet,0.0,0.0,0.0,100.0,0.0,0.0,0,0.0,0.0,65.86,68.79,69.93,
hex_0131395,41.143058263298535,0.0,100.0,1.0,0.39999999999999997,0.0,100.0,58.0,dedicated_dataset,0.7310241795286084,0.7310241795286084,0.7310241795286084,0.0,100.0,81.17,dedicated_dataset,0.0,0.0,0.0,0.0,1.0,100.0,99.59,2.06,1.0,canonical_published,data/interim/canonical_sources/ea_flood_zones_simplified.parquet,,data/interim/flood_ea_flood_zones_simplified_clean.parquet,data/interim/canonical_sources/england_peat_map_simplified.parquet,,data/interim/peat_england_peat_map_simplified_clean.parquet,0.0,0.0,0.0,100.0,0.0,0.0,0,0.0,0.0,65.83,68.76,69.89,
hex_0027388,99.62802296917455,0.0,80.0,0.995027649322485,0.39801105972899403,0.0,100.0,57.86,dedicated_dataset,0.9921192834562815,0.9921192834562815,0.9921192834562815,0.0,100.0,99.45,dedicated_dataset,0.0,0.0,0.0,0.0,0.9999999999999706,100.0,99.0,4.98,1.0,canonical_published,data/interim/canonical_sources/ea_flood_zones_simplified.parquet,,data/interim/flood_ea_flood_zones_simplified_clean.parquet,data/interim/canonical_sources/england_peat_map_simplified.parquet,,data/interim/peat_england_peat_map_simplified_clean.parquet,0.0,0.0,0.0,100.0,0.0,0.0,0,0.0,0.0,66.5,68.44,64.79,
hex_0027445,100.0,0.0,80.0,0.9979435294040616,0.39917741176162463,0.0,100.0,57.94,dedicated_dataset,0.9887833856834986,0.9887833856834986,0.9887833856834986,0.0,100.0,99.21,dedicated_dataset,0.0,0.0,0.0,0.0,0.9999999999999706,100.0,99.0,5.0,1.0,canonical_published,data/interim/canonical_sources/ea_flood_zones_simplified.parquet,,data/interim/flood_ea_flood_zones_simplified_clean.parquet,data/interim/canonical_sources/england_peat_map_simplified.parquet,,data/interim/peat_england_peat_map_simplified_clean.parquet,0.0,0.0,0.0,100.0,0.0,0.0,0,0.0,0.0,66.47,68.42,64.78,
hex_0004231,21.14939991701693,224.9256630019476,100.0,0.5921902555009795,0.23687610220039185,0.0,100.0,46.58,dedicated_dataset,0.9503568513468121,0.9503568513468121,0.9503568513468121,0.0,100.0,96.52,dedicated_dataset,0.0,0.0,0.0,0.0,1.0,98.61754271530384,98.41,1.06,1.0,canonical_published,data/interim/canonical_sources/ea_flood_zones_simplified.parquet,,data/interim/flood_ea_flood_zones_simplified_clean.parquet,data/interim/canonical_sources/england_peat_map_simplified.parquet,,data/interim/peat_england_peat_map_simplified_clean.parquet,0.0,0.0,0.0,100.0,0.0,0.0,0,0.0,0.0,65.96,68.37,69.43,
hex_0131404,59.04485170198042,0.0,100.0,1.0,0.39999999999999997,0.0,100.0,58.0,dedicated_dataset,0.6898878869664025,0.6898878869664025,0.6898878869664025,0.0,100.0,78.29,dedicated_dataset,0.0,0.0,0.0,0.0,1.0,100.0,99.41,2.95,1.0,canonical_published,data/interim/canonical_sources/ea_flood_zones_simplified.parquet,,data/interim/flood_ea_flood_zones_simplified_clean.parquet,data/interim/canonical_sources/england_peat_map_simplified.parquet,,data/interim/peat_england_peat_map_simplified_clean.parquet,0.0,0.0,0.0,100.0,0.0,0.0,0,0.0,0.0,65.38,68.31,69.63,
hex_0027273,100.00000000000048,0.0,80.0,0.9896894829768201,0.3958757931907281,0.0,100.0,57.71,dedicated_dataset,0.9777140001459622,0.9777140001459622,0.9777140001459622,0.0,100.0,98.44,dedicated_dataset,0.0,0.0,0.0,0.0,0.9999999999999706,100.0,99.0,5.0,1.0,canonical_published,data/interim/canonical_sources/ea_flood_zones_simplified.parquet,,data/interim/flood_ea_flood_zones_simplified_clean.parquet,data/interim/canonical_sources/england_peat_map_simplified.parquet,,data/interim/peat_england_peat_map_simplified_clean.parquet,0.0,0.0,0.0,100.0,0.0,0.0,0,0.0,0.0,66.32,68.26,64.67,
hex_0131282,67.32768627272189,0.0,100.0,1.0,0.39999999999999997,0.0,100.0,58.0,dedicated_dataset,0.6784852343125156,0.6784852343125156,0.6784852343125155,0.0,100.0,77.49,dedicated_dataset,0.0,0.0,0.0,0.0,1.0,100.0,99.33,3.37,1.0,canonical_published,data/interim/canonical_sources/ea_flood_zones_simplified.parquet,,data/interim/flood_ea_flood_zones_simplified_clean.parquet,data/interim/canonical_sources/england_peat_map_simplified.parquet,,data/interim/peat_england_peat_map_simplified_clean.parquet,0.0,0.0,0.0,100.0,0.0,0.0,0,0.0,0.0,65.26,68.19,69.56,
hex_0027387,100.0,0.0,80.0,0.9952211204534791,0.3980884481813917,0.0,100.0,57.87,dedicated_dataset,0.9573645995638785,0.9573645995638785,0.9573645995638785,0.0,100.0,97.02,dedicated_dataset,0.0,0.0,0.0,0.0,0.9999999999999706,100.0,99.0,5.0,1.0,canonical_published,data/interim/canonical_sources/ea_flood_zones_simplified.parquet,,data/interim/flood_ea_flood_zones_simplified_clean.parquet,data/interim/canonical_sources/england_peat_map_simplified.parquet,,data/interim/peat_england_peat_map_simplified_clean.parquet,0.0,0.0,0.0,100.0,0.0,0.0,0,0.0,0.0,66.13,68.08,64.55,
hex_0027102,99.99999999999942,0.0,80.0,0.9933473463951389,0.3973389385580555,0.0,100.0,57.81,dedicated_dataset,0.958211877667319,0.958211877667319,0.958211877667319,0.0,100.0,97.07,dedicated_dataset,0.0,0.0,0.0,0.0,0.9999999999999706,100.0,99.0,5.0,1.0,canonical_published,data/interim/canonical_sources/ea_flood_zones_simplified.parquet,,data/interim/flood_ea_flood_zones_simplified_clean.parquet,data/interim/canonical_sources/england_peat_map_simplified.parquet,,data/interim/peat_england_peat_map_simplified_clean.parquet,0.0,0.0,0.0,100.0,0.0,0.0,0,0.0,0.0,66.13,68.07,64.55,
hex_0027216,100.0,0.0,80.0,0.9997934623088001,0.39991738492352,0.0,100.0,57.99,dedicated_dataset,0.9527850536976151,0.9527850536976151,0.9527850536976151,0.0,100.0,96.69,dedicated_dataset,0.0,0.0,0.0,0.0,0.9999999999999706,100.0,99.0,5.0,1.0,canonical_published,data/interim/canonical_sources/ea_flood_zones_simplified.parquet,,data/interim/flood_ea_flood_zones_simplified_clean.parquet,data/interim/canonical_sources/england_peat_map_simplified.parquet,,data/interim/peat_england_peat_map_simplified_clean.parquet,0.0,0.0,0.0,100.0,0.0,0.0,0,0.0,0.0,66.1,68.05,64.54,
hex_0180983,99.77784883128021,0.0,80.0,0.9999999999999998,0.3999999999999999,0.0,100.0,58.0,dedicated_dataset,0.9494608429473942,0.9494608429473942,0.9494608429473942,0.0,100.0,96.46,dedicated_dataset,0.0,0.0,0.0,0.0,0.980518164417,100.0,99.0,4.99,1.0,canonical_published,data/interim/canonical_sources/ea_flood_zones_simplified.parquet,,data/interim/flood_ea_flood_zones_simplified_clean.parquet,data/interim/canonical_sources/england_peat_map_simplified.parquet,,data/interim/peat_england_peat_map_simplified_clean.parquet,0.0,0.0,0.0,100.0,0.0,0.0,0,0.0,0.0,66.07,68.02,64.52,
hex_0027159,100.00000000000048,0.0,80.0,0.9902673795110712,0.3961069518044285,0.0,100.0,57.73,dedicated_dataset,0.9432304977235318,0.9432304977235318,0.9432304977235318,0.0,100.0,96.03,dedicated_dataset,0.0,0.0,0.0,0.0,0.9999999999999706,100.0,99.0,5.0,1.0,canonical_published,data/interim/canonical_sources/ea_flood_zones_simplified.parquet,,data/interim/flood_ea_flood_zones_simplified_clean.parquet,data/interim/canonical_sources/england_peat_map_simplified.parquet,,data/interim/peat_england_peat_map_simplified_clean.parquet,0.0,0.0,0.0,100.0,0.0,0.0,0,0.0,0.0,65.96,67.9,64.43,
hex_0180866,92.62506175305461,0.0,80.0,1.0,0.39999999999999997,0.0,100.0,58.0,dedicated_dataset,0.9334269124017279,0.9334269124017279,0.9334269124017279,0.0,100.0,95.34,dedicated_dataset,0.0,0.0,0.0,0.0,1.0,100.0,99.07,4.63,1.0,canonical_published,data/interim/canonical_sources/ea_flood_zones_simplified.parquet,,data/interim/flood_ea_flood_zones_simplified_clean.parquet,data/interim/canonical_sources/england_peat_map_simplified.parquet,,data/interim/peat_england_peat_map_simplified_clean.parquet,0.0,0.0,0.0,100.0,0.0,0.0,0,0.0,0.0,65.91,67.85,64.39,
hex_0180514,94.55533377990811,0.0,80.0,1.0,0.4000000000000001,0.0,100.0,58.0,dedicated_dataset,0.9282220518446069,0.9282220518446069,0.9282220518446069,0.0,100.0,94.98,dedicated_dataset,0.0,0.0,0.0,0.0,0.9837416934285907,100.0,99.05,4.73,1.0,canonical_published,data/interim/canonical_sources/ea_flood_zones_simplified.parquet,,data/interim/flood_ea_flood_zones_simplified_clean.parquet,data/interim/canonical_sources/england_peat_map_simplified.parquet,,data/interim/peat_england_peat_map_simplified_clean.parquet,0.0,0.0,0.0,100.0,0.0,0.0,0,0.0,0.0,65.85,67.8,64.36,
hex_0060095,100.00000000000088,0.0,100.0,0.3226712524846078,0.12906850099384312,177.69882287532414,99.20753067237767,38.8,dedicated_dataset,0.9968549026051541,0.9968549026051541,0.9968549026051541,0.0,100.0,99.78,dedicated_dataset,0.0,0.0,0.0,0.0,0.9999999999999035,100.0,99.0,5.0,1.0,canonical_published,data/interim/canonical_sources/ea_flood_zones_simplified.parquet,,data/interim/flood_ea_flood_zones_simplified_clean.parquet,data/interim/canonical_sources/england_peat_map_simplified.parquet,,data/interim/peat_england_peat_map_simplified_clean.parquet,0.0,0.0,0.0,100.0,0.0,0.0,0,0.0,0.0,65.69,67.68,68.97,
hex_0027274,76.64628487867974,0.0,80.0,0.9979148743381887,0.3991659497352755,0.0,100.0,57.94,dedicated_dataset,0.9077267072823564,0.9077267072823564,0.9077267072823564,0.0,100.0,93.54,dedicated_dataset,0.0,0.0,0.0,0.0,0.9999999999999706,100.0,99.23,3.83,1.0,canonical_published,data/interim/canonical_sources/ea_flood_zones_simplified.parquet,,data/interim/flood_ea_flood_zones_simplified_clean.parquet,data/interim/canonical_sources/england_peat_map_simplified.parquet,,data/interim/peat_england_peat_map_simplified_clean.parquet,0.0,0.0,0.0,100.0,0.0,0.0,0,0.0,0.0,65.64,67.58,64.17,
hex_0004129,14.36546176027716,271.75375749769944,100.0,0.7700409415083648,0.30801637660334596,0.0,100.0,51.56,dedicated_dataset,0.7869596807002383,0.7869596807002383,0.7869596807002383,0.0,100.0,85.09,dedicated_dataset,0.0,0.0,0.0,0.0,1.0,98.32972388885214,98.19,0.72,1.0,canonical_published,data/interim/canonical_sources/ea_flood_zones_simplified.parquet,,data/interim/flood_ea_flood_zones_simplified_clean.parquet,data/interim/canonical_sources/england_peat_map_simplified.parquet,,data/interim/peat_england_peat_map_simplified_clean.parquet,0.0,0.0,0.0,100.0,0.0,0.0,0,0.0,0.0,64.9,67.57,68.97,
hex_0131224,51.51218422250916,0.0,100.0,1.0,0.39999999999999997,0.0,100.0,58.0,dedicated_dataset,0.6191672872360172,0.6191672872360172,0.6191672872360172,0.0,100.0,73.34,dedicated_dataset,0.0,0.0,0.0,0.0,1.0,100.0,99.48,2.58,1.0,canonical_published,data/interim/canonical_sources/ea_flood_zones_simplified.parquet,,data/interim/flood_ea_flood_zones_simplified_clean.parquet,data/interim/canonical_sources/england_peat_map_simplified.parquet,,data/interim/peat_england_peat_map_simplified_clean.parquet,0.0,0.0,0.0,100.0,0.0,0.0,0,0.0,0.0,64.65,67.57,69.12,
hex_0095576,100.00000000000038,0.0,100.0,0.2915363180156669,0.11661452720626674,4.70116195165609,99.97903460140822,38.16,dedicated_dataset,0.99907353657376,0.99907353657376,0.99907353657376,0.0,100.0,99.94,dedicated_dataset,0.0,0.0,0.0,0.0,0.9999999999999035,100.0,99.0,5.0,1.0,canonical_published,data/interim/canonical_sources/ea_flood_zones_simplified.parquet,,data/interim/flood_ea_flood_zones_simplified_clean.parquet,data/interim/canonical_sources/england_peat_map_simplified.parquet,,data/interim/peat_england_peat_map_simplified_clean.parquet,0.0,0.0,0.0,100.0,0.0,0.0,0,0.0,0.0,65.61,67.57,68.89,
hex_0180631,99.79343424621278,0.0,80.0,1.0,0.4,0.0,100.0,58.0,dedicated_dataset,0.902095334292599,0.902095334292599,0.902095334292599,0.0,100.0,93.15,dedicated_dataset,0.0,0.0,0.0,0.0,0.9783298082973776,100.0,99.0,4.99,1.0,canonical_published,data/interim/canonical_sources/ea_flood_zones_simplified.parquet,,data/interim/flood_ea_flood_zones_simplified_clean.parquet,data/interim/canonical_sources/england_peat_map_simplified.parquet,,data/interim/peat_england_peat_map_simplified_clean.parquet,0.0,0.0,0.0,100.0,0.0,0.0,0,0.0,0.0,65.57,67.52,64.18,
hex_0180455,94.79244559202698,0.0,80.0,0.9999999999999998,0.3999999999999999,0.0,100.0,58.0,dedicated_dataset,0.900012256188786,0.900012256188786,0.900012256188786,0.0,100.0,93.0,dedicated_dataset,0.0,0.0,0.0,0.0,0.9772887248217322,100.0,99.05,4.74,1.0,canonical_published,data/interim/canonical_sources/ea_flood_zones_simplified.parquet,,data/interim/flood_ea_flood_zones_simplified_clean.parquet,data/interim/canonical_sources/england_peat_map_simplified.parquet,,data/interim/peat_england_peat_map_simplified_clean.parquet,0.0,0.0,0.0,100.0,0.0,0.0,0,0.0,0.0,65.55,67.5,64.16,
hex_0004234,65.75645764327497,0.0,100.0,0.33779414594850987,0.13511765837940395,84.12042790625408,99.62485480847026,39.35,dedicated_dataset,0.9673131729092465,0.9673131729092465,0.9673131729092465,0.0,100.0,97.71,dedicated_dataset,0.0,0.0,0.0,0.0,1.0,100.0,99.34,3.29,1.0,canonical_published,data/interim/canonical_sources/ea_flood_zones_simplified.parquet,,data/interim/flood_ea_flood_zones_simplified_clean.parquet,data/interim/canonical_sources/england_peat_map_simplified.parquet,,data/interim/peat_england_peat_map_simplified_clean.parquet,0.0,0.0,0.0,100.0,0.0,0.0,0,0.0,0.0,65.49,67.49,68.78,
hex_0004628,95.38258463728035,0.0,100.0,0.2744560289080903,0.10978241156323611,41.934717929010496,99.81298706888705,37.63,dedicated_dataset,0.999692079856432,0.999692079856432,0.999692079856432,0.0,100.0,99.98,dedicated_dataset,0.0,0.0,0.0,0.0,1.0,100.0,99.05,4.77,1.0,canonical_published,data/interim/canonical_sources/ea_flood_zones_simplified.parquet,,data/interim/flood_ea_flood_zones_simplified_clean.parquet,data/interim/canonical_sources/england_peat_map_simplified.parquet,,data/interim/peat_england_peat_map_simplified_clean.parquet,0.0,0.0,0.0,100.0,0.0,0.0,0,0.0,0.0,65.55,67.48,68.81,
hex_0027101,52.10524051233916,0.0,80.0,0.8676404529045261,0.3470561811618105,0.0,100.0,54.29,dedicated_dataset,0.952406533948233,0.952406533948233,0.952406533948233,0.0,100.0,96.67,dedicated_dataset,0.0,0.0,0.0,0.0,0.9999999999999706,100.0,99.48,2.61,1.0,canonical_published,data/interim/canonical_sources/ea_flood_zones_simplified.parquet,,data/interim/flood_ea_flood_zones_simplified_clean.parquet,data/interim/canonical_sources/england_peat_map_simplified.parquet,,data/interim/peat_england_peat_map_simplified_clean.parquet,0.0,0.0,0.0,100.0,0.0,0.0,0,0.0,0.0,65.59,67.33,63.9,
hex_0153886,99.99657089883374,0.0,80.0,0.9997663601537475,0.399906544061499,0.0,100.0,57.99,dedicated_dataset,0.8828424323490461,0.8828424323490461,0.8828424323490461,0.0,100.0,91.8,dedicated_dataset,0.0,0.0,0.0,0.0,1.0,100.0,99.0,5.0,1.0,canonical_published,data/interim/canonical_sources/ea_flood_zones_simplified.parquet,,data/interim/flood_ea_flood_zones_simplified_clean.parquet,data/interim/canonical_sources/england_peat_map_simplified.parquet,,data/interim/peat_england_peat_map_simplified_clean.parquet,0.0,0.0,0.0,100.0,0.0,0.0,0,0.0,0.0,65.37,67.32,64.05,
hex_0004128,60.681413006470706,0.0,100.0,0.2575568275893324,0.10302273103573299,142.70461995702433,99.3635915399097,37.02,dedicated_dataset,0.9950070231042314,0.9950070231042314,0.9950070231042314,0.0,100.0,99.65,dedicated_dataset,0.0,0.0,0.0,0.0,1.0,100.0,99.39,3.03,1.0,canonical_published,data/interim/canonical_sources/ea_flood_zones_simplified.parquet,,data/interim/flood_ea_flood_zones_simplified_clean.parquet,data/interim/canonical_sources/england_peat_map_simplified.parquet,,data/interim/peat_england_peat_map_simplified_clean.parquet,0.0,0.0,0.0,100.0,0.0,0.0,0,0.0,0.0,65.44,67.32,68.62,
hex_0153828,100.0,0.0,80.0,1.0,0.39999999999999997,0.0,100.0,58.0,dedicated_dataset,0.8720797819696243,0.8720797819696243,0.8720797819696243,0.0,100.0,91.05,dedicated_dataset,0.0,0.0,0.0,0.0,1.0,100.0,99.0,5.0,1.0,canonical_published,data/interim/canonical_sources/ea_flood_zones_simplified.parquet,,data/interim/flood_ea_flood_zones_simplified_clean.parquet,data/interim/canonical_sources/england_peat_map_simplified.parquet,,data/interim/peat_england_peat_map_simplified_clean.parquet,0.0,0.0,0.0,100.0,0.0,0.0,0,0.0,0.0,65.26,67.21,63.98,
hex_0180690,100.0,0.0,80.0,1.0,0.39999999999999997,0.0,100.0,58.0,dedicated_dataset,0.8687287605461004,0.8687287605461004,0.8687287605461004,0.0,100.0,90.81,dedicated_dataset,0.0,0.0,0.0,0.0,0.9944820046596654,100.0,99.0,5.0,1.0,canonical_published,data/interim/canonical_sources/ea_flood_zones_simplified.parquet,,data/interim/flood_ea_flood_zones_simplified_clean.parquet,data/interim/canonical_sources/england_peat_map_simplified.parquet,,data/interim/peat_england_peat_map_simplified_clean.parquet,0.0,0.0,0.0,100.0,0.0,0.0,0,0.0,0.0,65.22,67.17,63.95,
hex_0004686,96.20768410089812,0.0,100.0,0.23668186917054695,0.09467274766821879,71.17102792511933,99.68260421913104,36.53,dedicated_dataset,0.9897169755265214,0.9897169755265214,0.9897169755265214,0.0,100.0,99.28,dedicated_dataset,0.0,0.0,0.0,0.0,1.0,100.0,99.04,4.81,1.0,canonical_published,data/interim/canonical_sources/ea_flood_zones_simplified.parquet,,data/interim/flood_ea_flood_zones_simplified_clean.parquet,data/interim/canonical_sources/england_peat_map_simplified.parquet,,data/interim/peat_england_peat_map_simplified_clean.parquet,0.0,0.0,0.0,100.0,0.0,0.0,0,0.0,0.0,65.28,67.15,68.57,
hex_0180925,73.26822208093891,0.0,80.0,1.0,0.39999999999999997,0.0,100.0,58.0,dedicated_dataset,0.8606243574875159,0.8606243574875159,0.8606243574875159,0.0,100.0,90.24,dedicated_dataset,0.0,0.0,0.0,0.0,1.0,100.0,99.27,3.66,1.0,canonical_published,data/interim/canonical_sources/ea_flood_zones_simplified.parquet,,data/interim/flood_ea_flood_zones_simplified_clean.parquet,data/interim/canonical_sources/england_peat_map_simplified.parquet,,data/interim/peat_england_peat_map_simplified_clean.parquet,0.0,0.0,0.0,100.0,0.0,0.0,0,0.0,0.0,65.16,67.1,63.85,
hex_0009120,100.00000000000009,0.0,100.0,0.2093268253450739,0.08373073013802958,82.95337657516086,99.63005941460489,35.75,dedicated_dataset,0.9999999999999998,0.9999999999999998,0.9999999999999998,0.0,100.0,100.0,dedicated_dataset,0.0,0.0,0.0,0.0,1.0,100.0,99.0,5.0,1.0,canonical_published,data/interim/canonical_sources/ea_flood_zones_simplified.parquet,,data/interim/flood_ea_flood_zones_simplified_clean.parquet,data/interim/canonical_sources/england_peat_map_simplified.parquet,,data/interim/peat_england_peat_map_simplified_clean.parquet,0.0,0.0,0.0,100.0,0.0,0.0,0,0.0,0.0,65.26,67.1,68.53,
hex_0098401,100.00000000000033,0.0,100.0,0.22309695485273343,0.08923878194109336,15.532674002847402,99.93073016734698,36.23,dedicated_dataset,0.9902416914811094,0.9902416914811094,0.9902416914811094,0.0,100.0,99.32,dedicated_dataset,0.0,0.0,0.0,0.0,0.9999999999999035,100.0,99.0,5.0,1.0,canonical_published,data/interim/canonical_sources/ea_flood_zones_simplified.parquet,,data/interim/flood_ea_flood_zones_simplified_clean.parquet,data/interim/canonical_sources/england_peat_map_simplified.parquet,,data/interim/peat_england_peat_map_simplified_clean.parquet,0.0,0.0,0.0,100.0,0.0,0.0,0,0.0,0.0,65.23,67.09,68.54,
hex_0008871,99.99999999999983,0.0,100.0,0.20701496101492634,0.08280598440597053,0.0,100.0,35.8,dedicated_dataset,0.9978847537158595,0.9978847537158595,0.9978847537158595,0.0,100.0,99.85,dedicated_dataset,0.0,0.0,0.0,0.0,1.0,100.0,99.0,5.0,1.0,canonical_published,data/interim/canonical_sources/ea_flood_zones_simplified.parquet,,data/interim/flood_ea_flood_zones_simplified_clean.parquet,data/interim/canonical_sources/england_peat_map_simplified.parquet,,data/interim/peat_england_peat_map_simplified_clean.parquet,0.0,0.0,0.0,100.0,0.0,0.0,0,0.0,0.0,65.25,67.09,68.52,
hex_0131453,0.0,538.4297101370241,100.0,1.0,0.4000000000000009,0.0,100.0,58.0,dedicated_dataset,0.6605713221563825,0.6605713221563825,0.6605713221563825,0.0,100.0,76.24,dedicated_dataset,0.0,0.0,0.0,0.0,1.0,96.69065741480411,96.69,0.0,1.0,canonical_published,data/interim/canonical_sources/ea_flood_zones_simplified.parquet,,data/interim/flood_ea_flood_zones_simplified_clean.parquet,data/interim/canonical_sources/england_peat_map_simplified.parquet,,data/interim/peat_england_peat_map_simplified_clean.parquet,0.0,0.0,0.0,100.0,0.0,0.0,0,0.0,0.0,63.98,67.04,68.73,
hex_0003984,99.8237271247688,0.0,100.0,0.20708056843369232,0.08283222737347692,134.30321561154835,99.40105861563374,35.62,dedicated_dataset,0.9956891179900507,0.9956891179900507,0.9956891179900507,0.0,100.0,99.7,dedicated_dataset,0.0,0.0,0.0,0.0,1.0,100.0,99.0,4.99,1.0,canonical_published,data/interim/canonical_sources/ea_flood_zones_simplified.parquet,,data/interim/flood_ea_flood_zones_simplified_clean.parquet,data/interim/canonical_sources/england_peat_map_simplified.parquet,,data/interim/peat_england_peat_map_simplified_clean.parquet,0.0,0.0,0.0,100.0,0.0,0.0,0,0.0,0.0,65.2,67.03,68.48,
hex_0008818,99.99999999999997,0.0,100.0,0.1918703834299542,0.07674815337198168,98.25402193279182,99.56182434167333,35.24,dedicated_dataset,0.9999999999999998,0.9999999999999998,0.9999999999999998,0.0,100.0,100.0,dedicated_dataset,0.0,0.0,0.0,0.0,1.0,100.0,99.0,5.0,1.0,canonical_published,data/interim/canonical_sources/ea_flood_zones_simplified.parquet,,data/interim/flood_ea_flood_zones_simplified_clean.parquet,data/interim/canonical_sources/england_peat_map_simplified.parquet,,data/interim/peat_england_peat_map_simplified_clean.parquet,0.0,0.0,0.0,100.0,0.0,0.0,0,0.0,0.0,65.19,67.0,68.46,
hex_0027562,0.0,694.9544984069341,80.0,0.9996670010417102,0.3998668004166841,0.0,100.0,57.99,dedicated_dataset,0.9683627272765853,0.9683627272765853,0.9683627272765853,0.0,100.0,97.79,dedicated_dataset,0.0,0.0,0.0,0.0,0.9999999999999706,95.72861141751216,95.73,0.0,1.0,canonical_published,data/interim/canonical_sources/ea_flood_zones_simplified.parquet,,data/interim/flood_ea_flood_zones_simplified_clean.parquet,data/interim/canonical_sources/england_peat_map_simplified.parquet,,data/interim/peat_england_peat_map_simplified_clean.parquet,0.0,0.0,0.0,100.0,0.0,0.0,0,0.0,0.0,64.87,66.99,63.71,
hex_0094345,100.00000000000013,0.0,100.0,0.1962869318703468,0.07851477274813873,0.0,100.0,35.5,dedicated_dataset,0.9914355571979282,0.9914355571979282,0.9914355571979282,0.0,100.0,99.4,dedicated_dataset,0.0,0.0,0.0,0.0,0.9999999999999035,100.0,99.0,5.0,1.0,canonical_published,data/interim/canonical_sources/ea_flood_zones_simplified.parquet,,data/interim/flood_ea_flood_zones_simplified_clean.parquet,data/interim/canonical_sources/england_peat_map_simplified.parquet,,data/interim/peat_england_peat_map_simplified_clean.parquet,0.0,0.0,0.0,100.0,0.0,0.0,0,0.0,0.0,65.14,66.96,68.44,
hex_0180749,100.0,0.0,80.0,1.0,0.39999999999999997,0.0,100.0,58.0,dedicated_dataset,0.8420535937469913,0.8420535937469913,0.8420535937469913,0.0,100.0,88.94,dedicated_dataset,0.0,0.0,0.0,0.0,1.0,100.0,99.0,5.0,1.0,canonical_published,data/interim/canonical_sources/ea_flood_zones_simplified.parquet,,data/interim/flood_ea_flood_zones_simplified_clean.parquet,data/interim/canonical_sources/england_peat_map_simplified.parquet,,data/interim/peat_england_peat_map_simplified_clean.parquet,0.0,0.0,0.0,100.0,0.0,0.0,0,0.0,0.0,64.94,66.89,63.76,
hex_0027330,100.00000000000107,0.0,80.0,0.9903029479223961,0.39612117916895845,0.0,100.0,57.73,dedicated_dataset,0.8462809015057388,0.8462809015057388,0.8462809015057388,0.0,100.0,89.24,dedicated_dataset,0.0,0.0,0.0,0.0,0.9999999999999706,100.0,99.0,5.0,1.0,canonical_published,data/interim/canonical_sources/ea_flood_zones_simplified.parquet,,data/interim/flood_ea_flood_zones_simplified_clean.parquet,data/interim/canonical_sources/england_peat_map_simplified.parquet,,data/interim/peat_england_peat_map_simplified_clean.parquet,0.0,0.0,0.0,100.0,0.0,0.0,0,0.0,0.0,64.95,66.88,63.75,
hex_0180807,95.53095969479082,0.0,80.0,1.0,0.39999999999999997,0.0,100.0,58.0,dedicated_dataset,0.8402364409593718,0.8402364409593718,0.8402364409593718,0.0,100.0,88.82,dedicated_dataset,0.0,0.0,0.0,0.0,0.9793520754944056,100.0,99.04,4.78,1.0,canonical_published,data/interim/canonical_sources/ea_flood_zones_simplified.parquet,,data/interim/flood_ea_flood_zones_simplified_clean.parquet,data/interim/canonical_sources/england_peat_map_simplified.parquet,,data/interim/peat_england_peat_map_simplified_clean.parquet,0.0,0.0,0.0,100.0,0.0,0.0,0,0.0,0.0,64.93,66.87,63.74,
hex_0180748,79.9906957771298,0.0,80.0,0.9999999999999998,0.3999999999999999,0.0,100.0,58.0,dedicated_dataset,0.8375961347051382,0.8375961347051382,0.8375961347051382,0.0,100.0,88.63,dedicated_dataset,0.0,0.0,0.0,0.0,0.9726894069820496,100.0,99.2,4.0,1.0,canonical_published,data/interim/canonical_sources/ea_flood_zones_simplified.parquet,,data/interim/flood_ea_flood_zones_simplified_clean.parquet,data/interim/canonical_sources/england_peat_map_simplified.parquet,,data/interim/peat_england_peat_map_simplified_clean.parquet,0.0,0.0,0.0,100.0,0.0,0.0,0,0.0,0.0,64.91,66.85,63.7,
hex_0008636,99.99999999999962,0.0,100.0,0.17141602790893135,0.06856641116357255,0.0,100.0,34.8,dedicated_dataset,0.9942863009662243,0.9942863009662243,0.9942863009662243,0.0,100.0,99.6,dedicated_dataset,0.0,0.0,0.0,0.0,1.0,100.0,99.0,5.0,1.0,canonical_published,data/interim/canonical_sources/ea_flood_zones_simplified.parquet,,data/interim/flood_ea_flood_zones_simplified_clean.parquet,data/interim/canonical_sources/england_peat_map_simplified.parquet,,data/interim/peat_england_peat_map_simplified_clean.parquet,0.0,0.0,0.0,100.0,0.0,0.0,0,0.0,0.0,65.06,66.85,68.35,
hex_0180572,79.88581859868799,0.0,80.0,0.9999999999999998,0.39999999999999997,0.0,100.0,58.0,dedicated_dataset,0.8372328657837682,0.8372328657837682,0.8372328657837682,0.0,100.0,88.61,dedicated_dataset,0.0,0.0,0.0,0.0,0.9722555476043744,100.0,99.2,3.99,1.0,canonical_published,data/interim/canonical_sources/ea_flood_zones_simplified.parquet,,data/interim/flood_ea_flood_zones_simplified_clean.parquet,data/interim/canonical_sources/england_peat_map_simplified.parquet,,data/interim/peat_england_peat_map_simplified_clean.parquet,0.0,0.0,0.0,100.0,0.0,0.0,0,0.0,0.0,64.91,66.85,63.7,
hex_0048297,39.08650864061694,0.0,100.0,0.3238944908873239,0.12955779635492956,17.394541148704793,99.92242694630518,39.05,dedicated_dataset,0.9081698008048067,0.9081698008048067,0.9081698008048067,0.0,100.0,93.57,dedicated_dataset,0.0,0.0,0.0,0.0,1.0,100.0,99.61,1.95,1.0,canonical_published,data/interim/canonical_sources/ea_flood_zones_simplified.parquet,,data/interim/flood_ea_flood_zones_simplified_clean.parquet,data/interim/canonical_sources/england_peat_map_simplified.parquet,,data/interim/peat_england_peat_map_simplified_clean.parquet,0.0,0.0,0.0,100.0,0.0,0.0,0,0.0,0.0,64.85,66.83,68.28,
hex_0004453,63.23088883076239,0.0,100.0,0.2811327750948094,0.11245311003792376,0.0,100.0,37.87,dedicated_dataset,0.9291807592987684,0.9291807592987684,0.9291807592987684,0.0,100.0,95.04,dedicated_dataset,0.0,0.0,0.0,0.0,1.0,100.0,99.37,3.16,1.0,canonical_published,data/interim/canonical_sources/ea_flood_zones_simplified.parquet,,data/interim/flood_ea_flood_zones_simplified_clean.parquet,data/interim/canonical_sources/england_peat_map_simplified.parquet,,data/interim/peat_england_peat_map_simplified_clean.parquet,0.0,0.0,0.0,100.0,0.0,0.0,0,0.0,0.0,64.87,66.8,68.29,
hex_0008817,99.99999999999997,0.0,100.0,0.1507486350813844,0.06029945403255375,62.95171992007388,99.71925921426767,34.14,dedicated_dataset,0.9999999999999998,0.9999999999999998,0.9999999999999998,0.0,100.0,100.0,dedicated_dataset,0.0,0.0,0.0,0.0,1.0,100.0,99.0,5.0,1.0,canonical_published,data/interim/canonical_sources/ea_flood_zones_simplified.parquet,,data/interim/flood_ea_flood_zones_simplified_clean.parquet,data/interim/canonical_sources/england_peat_map_simplified.parquet,,data/interim/peat_england_peat_map_simplified_clean.parquet,0.0,0.0,0.0,100.0,0.0,0.0,0,0.0,0.0,65.02,66.78,68.29,
hex_0009119,100.0,0.0,100.0,0.1509166554307371,0.06036666217229483,92.82849797955045,99.58602011995511,34.1,dedicated_dataset,0.9999999999999998,0.9999999999999998,0.9999999999999998,0.0,100.0,100.0,dedicated_dataset,0.0,0.0,0.0,0.0,1.0,100.0,99.0,5.0,1.0,canonical_published,data/interim/canonical_sources/ea_flood_zones_simplified.parquet,,data/interim/flood_ea_flood_zones_simplified_clean.parquet,data/interim/canonical_sources/england_peat_map_simplified.parquet,,data/interim/peat_england_peat_map_simplified_clean.parquet,0.0,0.0,0.0,100.0,0.0,0.0,0,0.0,0.0,65.02,66.77,68.28,
hex_0004571,99.9917036673413,0.0,100.0,0.1566156169733772,0.06264624678935089,192.44331184481197,99.14177584592065,34.13,dedicated_dataset,0.9998431449595504,0.9998431449595504,0.9998431449595504,0.0,100.0,99.99,dedicated_dataset,0.0,0.0,0.0,0.0,1.0,100.0,99.0,5.0,1.0,canonical_published,data/interim/canonical_sources/ea_flood_zones_simplified.parquet,,data/interim/flood_ea_flood_zones_simplified_clean.parquet,data/interim/canonical_sources/england_peat_map_simplified.parquet,,data/interim/peat_england_peat_map_simplified_clean.parquet,0.0,0.0,0.0,100.0,0.0,0.0,0,0.0,0.0,65.02,66.77,68.29,
hex_0008932,32.75299885953141,76.78819869619248,100.0,0.20084860102637295,0.08033944041054918,56.64242386425194,99.74739628080657,35.55,dedicated_dataset,0.982861645310152,0.982861645310152,0.982861645310152,0.0,100.0,98.8,dedicated_dataset,0.0,0.0,0.0,0.0,1.0,99.52803782703387,99.2,1.64,1.0,canonical_published,data/interim/canonical_sources/ea_flood_zones_simplified.parquet,,data/interim/flood_ea_flood_zones_simplified_clean.parquet,data/interim/canonical_sources/england_peat_map_simplified.parquet,,data/interim/peat_england_peat_map_simplified_clean.parquet,0.0,0.0,0.0,100.0,0.0,0.0,0,0.0,0.0,64.95,66.77,68.18,
hex_0203619,34.60455798657633,0.0,80.0,0.9817939508451159,0.3927175803380464,0.0,100.0,57.49,dedicated_dataset,0.8363885204161919,0.8363885204161919,0.8363885204161919,0.0,100.0,88.55,dedicated_dataset,0.0,0.0,0.0,0.0,1.0,100.0,99.65,1.73,1.0,canonical_published,data/interim/canonical_sources/ea_flood_zones_simplified.parquet,,data/interim/flood_ea_flood_zones_simplified_clean.parquet,data/interim/canonical_sources/england_peat_map_simplified.parquet,,data/interim/peat_england_peat_map_simplified_clean.parquet,0.0,0.0,0.0,100.0,0.0,0.0,0,0.0,0.0,64.87,66.76,63.54,
hex_0004290,73.10798691602571,0.0,100.0,0.22351089874531477,0.08940435949812592,128.2566834478498,99.42802385491153,36.09,dedicated_dataset,0.957202972999037,0.957202972999037,0.957202972999037,0.0,100.0,97.0,dedicated_dataset,0.0,0.0,0.0,0.0,1.0,100.0,99.27,3.66,1.0,canonical_published,data/interim/canonical_sources/ea_flood_zones_simplified.parquet,,data/interim/flood_ea_flood_zones_simplified_clean.parquet,data/interim/canonical_sources/england_peat_map_simplified.parquet,,data/interim/peat_england_peat_map_simplified_clean.parquet,0.0,0.0,0.0,100.0,0.0,0.0,0,0.0,0.0,64.89,66.73,68.24,
hex_0009166,76.62108062288637,0.0,100.0,0.1565896627593904,0.06263586510375616,0.0,100.0,34.38,dedicated_dataset,0.9856072515610309,0.9856072515610309,0.9856072515610309,0.0,100.0,98.99,dedicated_dataset,0.0,0.0,0.0,0.0,1.0,100.0,99.23,3.83,1.0,canonical_published,data/interim/canonical_sources/ea_flood_zones_simplified.parquet,,data/interim/flood_ea_flood_zones_simplified_clean.parquet,data/interim/canonical_sources/england_peat_map_simplified.parquet,,data/interim/peat_england_peat_map_simplified_clean.parquet,0.0,0.0,0.0,100.0,0.0,0.0,0,0.0,0.0,64.93,66.68,68.19,
hex_0180397,75.49800983685843,0.0,80.0,1.0,0.39999999999999997,0.0,100.0,58.0,dedicated_dataset,0.8197956345067162,0.8197956345067162,0.8197956345067161,0.0,100.0,87.39,dedicated_dataset,0.0,0.0,0.0,0.0,0.974523678965655,100.0,99.25,3.77,1.0,canonical_published,data/interim/canonical_sources/ea_flood_zones_simplified.parquet,,data/interim/flood_ea_flood_zones_simplified_clean.parquet,data/interim/canonical_sources/england_peat_map_simplified.parquet,,data/interim/peat_england_peat_map_simplified_clean.parquet,0.0,0.0,0.0,100.0,0.0,0.0,0,0.0,0.0,64.73,66.67,63.57,
hex_0131452,12.984679833149116,301.5600568055642,100.0,1.0,0.39999999999999997,0.0,100.0,58.0,dedicated_dataset,0.5844387173682637,0.5844387173682637,0.5844387173682637,52.63466730323853,99.77312279508415,70.84,dedicated_dataset,0.0,0.0,0.0,0.0,1.0,98.14652587108023,98.02,0.65,1.0,canonical_published,data/interim/canonical_sources/ea_flood_zones_simplified.parquet,,data/interim/flood_ea_flood_zones_simplified_clean.parquet,data/interim/canonical_sources/england_peat_map_simplified.parquet,,data/interim/peat_england_peat_map_simplified_clean.parquet,0.0,0.0,0.0,100.0,0.0,0.0,0,0.0,0.0,63.67,66.66,68.47,
hex_0095011,100.0,0.0,100.0,0.13825357652310657,0.05530143060924262,122.86842232936534,99.45205345508853,33.71,dedicated_dataset,0.9956516921406241,0.9956516921406241,0.9956516921406241,0.0,100.0,99.7,dedicated_dataset,0.0,0.0,0.0,0.0,1.0,100.0,99.0,5.0,1.0,canonical_published,data/interim/canonical_sources/ea_flood_zones_simplified.parquet,,data/interim/flood_ea_flood_zones_simplified_clean.parquet,data/interim/canonical_sources/england_peat_map_simplified.parquet,,data/interim/peat_england_peat_map_simplified_clean.parquet,0.0,0.0,0.0,100.0,0.0,0.0,0,0.0,0.0,64.91,66.65,68.2,
hex_0180924,81.34534009356975,0.0,80.0,1.0,0.4,0.0,100.0,58.0,dedicated_dataset,0.8178010454710306,0.8178010454710306,0.8178010454710306,0.0,100.0,87.25,dedicated_dataset,0.0,0.0,0.0,0.0,0.9735558511657868,100.0,99.19,4.07,1.0,canonical_published,data/interim/canonical_sources/ea_flood_zones_simplified.parquet,,data/interim/flood_ea_flood_zones_simplified_clean.parquet,data/interim/canonical_sources/england_peat_map_simplified.parquet,,data/interim/peat_england_peat_map_simplified_clean.parquet,0.0,0.0,0.0,100.0,0.0,0.0,0,0.0,0.0,64.71,66.65,63.56,
hex_0004286,16.16517844409116,307.56528532206954,100.0,0.39865940469448286,0.15946376187779315,22.636868962601874,99.89904815329669,41.13,dedicated_dataset,0.9039701748179408,0.9039701748179408,0.9039701748179408,0.0,100.0,93.28,dedicated_dataset,0.0,0.0,0.0,0.0,1.0,98.1096160236306,97.95,0.81,1.0,canonical_published,data/interim/canonical_sources/ea_flood_zones_simplified.parquet,,data/interim/flood_ea_flood_zones_simplified_clean.parquet,data/interim/canonical_sources/england_peat_map_simplified.parquet,,data/interim/peat_england_peat_map_simplified_clean.parquet,0.0,0.0,0.0,100.0,0.0,0.0,0,0.0,0.0,64.48,66.64,68.19,
hex_0027501,32.01213247940029,0.0,80.0,0.7990390262197742,0.3196156104879096,0.0,100.0,52.37,dedicated_dataset,0.9210325741512747,0.9210325741512747,0.9210325741512747,0.0,100.0,94.47,dedicated_dataset,0.0,0.0,0.0,0.0,0.9999999999999706,100.0,99.68,1.6,1.0,canonical_published,data/interim/canonical_sources/ea_flood_zones_simplified.parquet,,data/interim/flood_ea_flood_zones_simplified_clean.parquet,data/interim/canonical_sources/england_peat_map_simplified.parquet,,data/interim/peat_england_peat_map_simplified_clean.parquet,0.0,0.0,0.0,100.0,0.0,0.0,0,0.0,0.0,64.99,66.63,63.36,
