hex_id,priority_habitat_share,distance_to_priority_habitat_m,agri_opportunity_score_raw,flood_extent_share,flood_weighted_share,distance_to_flood_m,flood_proximity_score,flood_opportunity_score_raw,flood_feature_source,peat_extent_share,peatland_context_share,peat_weighted_share,distance_to_peat_m,peat_proximity_score,peat_opportunity_score_raw,peat_feature_source,bird_species_richness,bird_record_count,mammal_species_richness,mammal_record_count,cell_area_ratio,connectivity_score,undersized_cell_penalty,run_profile,flood_source_path,flood_source_layer,flood_clean_path,peat_source_path,peat_source_layer,peat_clean_path,bird_species_richness_score,bird_record_coverage_score,bird_observation_score_raw,mammal_species_richness_score,mammal_record_coverage_score,mammal_observation_score_raw,biodiversity_taxa_present,biodiversity_record_coverage_score,biodiversity_observation_score_raw,scenario_nature_first,scenario_balanced,scenario_low_conflict,restoration_opportunity_score,habitat_mosaic_score,lnrs_name
hex_0131453,0.0,538.4297101370241,100.0,1.0,0.4000000000000009,0.0,100.0,58.0,dedicated_dataset,0.6605713221563825,0.6605713221563825,0.6605713221563825,0.0,100.0,76.24,dedicated_dataset,0.0,0.0,0.0,0.0,1.0,96.69065741480411,1.0,canonical_published,data/interim/canonical_sources/ea_flood_zones_simplified.parquet,,data/interim/flood_ea_flood_zones_simplified_clean.parquet,data/interim/canonical_sources/england_peat_map_simplified.parquet,,data/interim/peat_england_peat_map_simplified_clean.parquet,0.0,0.0,0.0,100.0,0.0,0.0,0,0.0,0.0,63.98,67.04,68.73,96.69,0.0,
hex_0027562,0.0,694.9544984069341,80.0,0.9996670010417102,0.3998668004166841,0.0,100.0,57.99,dedicated_dataset,0.9683627272765853,0.9683627272765853,0.9683627272765853,0.0,100.0,97.79,dedicated_dataset,0.0,0.0,0.0,0.0,0.9999999999999706,95.72861141751216,1.0,canonical_published,data/interim/canonical_sources/ea_flood_zones_simplified.parquet,,data/interim/flood_ea_flood_zones_simplified_clean.parquet,data/interim/canonical_sources/england_peat_map_simplified.parquet,,data/interim/peat_england_peat_map_simplified_clean.parquet,0.0,0.0,0.0,100.0,0.0,0.0,0,0.0,0.0,64.87,66.99,63.71,95.73,0.0,
hex_0004129,14.36546176027716,271.75375749769944,100.0,0.7700409415083648,0.30801637660334596,0.0,100.0,51.56,dedicated_dataset,0.7869596807002383,0.7869596807002383,0.7869596807002383,0.0,100.0,85.09,dedicated_dataset,0.0,0.0,0.0,0.0,1.0,98.32972388885214,1.0,canonical_published,data/interim/canonical_sources/ea_flood_zones_simplified.parquet,,data/interim/flood_ea_flood_zones_simplified_clean.parquet,data/interim/canonical_sources/england_peat_map_simplified.parquet,,data/interim/peat_england_peat_map_simplified_clean.parquet,0.0,0.0,0.0,100.0,0.0,0.0,0,0.0,0.0,63.56,66.93,71.43,84.2,71.83,
hex_0004231,21.14939991701693,224.9256630019476,100.0,0.5921902555009795,0.23687610220039185,0.0,100.0,46.58,dedicated_dataset,0.9503568513468121,0.9503568513468121,0.9503568513468121,0.0,100.0,96.52,dedicated_dataset,0.0,0.0,0.0,0.0,1.0,98.61754271530384,1.0,canonical_published,data/interim/canonical_sources/ea_flood_zones_simplified.parquet,,data/interim/flood_ea_flood_zones_simplified_clean.parquet,data/interim/canonical_sources/england_peat_map_simplified.parquet,,data/interim/peat_england_peat_map_simplified_clean.parquet,0.0,0.0,0.0,100.0,0.0,0.0,0,0.0,0.0,63.39,66.83,72.23,77.76,94.25,
hex_0004180,6.1210387923586795,300.18156906313914,80.0,0.9115845426196475,0.364633817047859,0.0,100.0,55.52,dedicated_dataset,0.9065953788840319,0.9065953788840319,0.9065953788840319,0.0,100.0,93.46,dedicated_dataset,0.0,0.0,0.0,0.0,1.0,98.15499844995782,1.0,canonical_published,data/interim/canonical_sources/ea_flood_zones_simplified.parquet,,data/interim/flood_ea_flood_zones_simplified_clean.parquet,data/interim/canonical_sources/england_peat_map_simplified.parquet,,data/interim/peat_england_peat_map_simplified_clean.parquet,0.0,0.0,0.0,100.0,0.0,0.0,0,0.0,0.0,64.13,66.3,64.4,92.15,30.61,
hex_0131452,12.984679833149116,301.5600568055642,100.0,1.0,0.39999999999999997,0.0,100.0,58.0,dedicated_dataset,0.5844387173682637,0.5844387173682637,0.5844387173682637,52.63466730323853,99.77312279508415,70.84,dedicated_dataset,0.0,0.0,0.0,0.0,1.0,98.14652587108023,1.0,canonical_published,data/interim/canonical_sources/ea_flood_zones_simplified.parquet,,data/interim/flood_ea_flood_zones_simplified_clean.parquet,data/interim/canonical_sources/england_peat_map_simplified.parquet,,data/interim/peat_england_peat_map_simplified_clean.parquet,0.0,0.0,0.0,100.0,0.0,0.0,0,0.0,0.0,62.46,66.09,70.7,85.4,64.92,
hex_0004286,16.16517844409116,307.56528532206954,100.0,0.39865940469448286,0.15946376187779315,22.636868962601874,99.89904815329669,41.13,dedicated_dataset,0.9039701748179408,0.9039701748179408,0.9039701748179408,0.0,100.0,93.28,dedicated_dataset,0.0,0.0,0.0,0.0,1.0,98.1096160236306,1.0,canonical_published,data/interim/canonical_sources/ea_flood_zones_simplified.parquet,,data/interim/flood_ea_flood_zones_simplified_clean.parquet,data/interim/canonical_sources/england_peat_map_simplified.parquet,,data/interim/peat_england_peat_map_simplified_clean.parquet,0.0,0.0,0.0,100.0,0.0,0.0,0,0.0,0.0,62.99,65.93,70.96,82.25,80.83,
hex_0009053,9.900679613174903,243.02676624671327,100.0,0.14760231903475485,0.05904092761390193,94.63466730329674,99.5779652900671,34.01,dedicated_dataset,0.9551275794966468,0.9551275794966468,0.9551275794966468,0.0,100.0,96.86,dedicated_dataset,0.0,0.0,0.0,0.0,1.0,98.50628817143463,1.0,canonical_published,data/interim/canonical_sources/ea_flood_zones_simplified.parquet,,data/interim/flood_ea_flood_zones_simplified_clean.parquet,data/interim/canonical_sources/england_peat_map_simplified.parquet,,data/interim/peat_england_peat_map_simplified_clean.parquet,0.0,0.0,0.0,100.0,0.0,0.0,0,0.0,0.0,63.17,65.43,69.23,88.75,49.5,
hex_0009396,0.0,634.5865523202089,100.0,0.1638475248136247,0.06553900992544988,0.0,100.0,34.59,dedicated_dataset,0.9623210154778671,0.9623210154778671,0.9623210154778671,0.0,100.0,97.36,dedicated_dataset,0.0,0.0,0.0,0.0,1.0,96.09965003407507,1.0,canonical_published,data/interim/canonical_sources/ea_flood_zones_simplified.parquet,,data/interim/flood_ea_flood_zones_simplified_clean.parquet,data/interim/canonical_sources/england_peat_map_simplified.parquet,,data/interim/peat_england_peat_map_simplified_clean.parquet,0.0,0.0,0.0,100.0,0.0,0.0,0,0.0,0.0,63.43,65.35,67.22,96.1,0.0,
hex_0004179,0.0,582.2268206758586,100.0,0.2717550484363957,0.10870201937455826,150.1109657255107,99.33056204789439,37.41,dedicated_dataset,0.8980501377666008,0.8980501377666008,0.8980501377666008,0.0,100.0,92.86,dedicated_dataset,0.0,0.0,0.0,0.0,1.0,96.42146788033764,1.0,canonical_published,data/interim/canonical_sources/ea_flood_zones_simplified.parquet,,data/interim/flood_ea_flood_zones_simplified_clean.parquet,data/interim/canonical_sources/england_peat_map_simplified.parquet,,data/interim/peat_england_peat_map_simplified_clean.parquet,0.0,0.0,0.0,100.0,0.0,0.0,0,0.0,0.0,63.29,65.34,67.25,96.42,0.0,
hex_0009104,0.0,490.513607169363,100.0,0.13436960754861066,0.053747843019444255,144.2656416366309,99.35662997550075,33.57,dedicated_dataset,0.9542291035442364,0.9542291035442364,0.9542291035442364,0.0,100.0,96.8,dedicated_dataset,0.0,0.0,0.0,0.0,1.0,96.9851634516778,1.0,canonical_published,data/interim/canonical_sources/ea_flood_zones_simplified.parquet,,data/interim/flood_ea_flood_zones_simplified_clean.parquet,data/interim/canonical_sources/england_peat_map_simplified.parquet,,data/interim/peat_england_peat_map_simplified_clean.parquet,0.0,0.0,0.0,100.0,0.0,0.0,0,0.0,0.0,63.5,65.33,67.17,96.99,0.0,
hex_0009281,17.883988329016912,222.55100989558596,100.0,0.0999041600551441,0.03996166402205765,225.74217259375348,98.99327556121804,32.5,dedicated_dataset,0.9999999999999998,0.9999999999999998,0.9999999999999998,0.0,100.0,100.0,dedicated_dataset,0.0,0.0,0.0,0.0,1.0,98.63213801066367,1.0,canonical_published,data/interim/canonical_sources/ea_flood_zones_simplified.parquet,,data/interim/flood_ea_flood_zones_simplified_clean.parquet,data/interim/canonical_sources/england_peat_map_simplified.parquet,,data/interim/peat_england_peat_map_simplified_clean.parquet,0.0,0.0,0.0,100.0,0.0,0.0,0,0.0,0.0,62.69,65.27,70.71,80.99,89.42,
hex_0127366,0.0,498.9636020684777,80.0,0.9999996329209986,0.3999998531683995,0.0,100.0,58.0,dedicated_dataset,0.7464914548455345,0.7464914548455345,0.7464914548455345,0.0,100.0,82.25,dedicated_dataset,0.0,0.0,0.0,0.0,1.0,96.93322737267279,1.0,canonical_published,data/interim/canonical_sources/ea_flood_zones_simplified.parquet,,data/interim/flood_ea_flood_zones_simplified_clean.parquet,data/interim/canonical_sources/england_peat_map_simplified.parquet,,data/interim/peat_england_peat_map_simplified_clean.parquet,0.0,0.0,0.0,100.0,0.0,0.0,0,0.0,0.0,62.96,65.02,62.37,96.93,0.0,
hex_0027449,2.0800307058094805,356.819215353277,80.0,0.8006446875288085,0.32025787501152336,0.0,100.0,52.42,dedicated_dataset,0.8322752413690679,0.8322752413690679,0.8322752413690679,0.0,100.0,88.26,dedicated_dataset,0.0,0.0,0.0,0.0,0.9999999999999706,97.80688732001012,1.0,canonical_published,data/interim/canonical_sources/ea_flood_zones_simplified.parquet,,data/interim/flood_ea_flood_zones_simplified_clean.parquet,data/interim/canonical_sources/england_peat_map_simplified.parquet,,data/interim/peat_england_peat_map_simplified_clean.parquet,0.0,0.0,0.0,100.0,0.0,0.0,0,0.0,0.0,63.14,64.97,62.66,95.77,10.4,
hex_0013344,7.81520078468199,312.1111268396033,100.0,0.004126271134647543,0.0016505084538590174,270.7803469919089,98.79242239176466,29.75,dedicated_dataset,0.9888828845048224,0.9888828845048224,0.9888828845048224,0.0,100.0,99.22,dedicated_dataset,0.0,0.0,0.0,0.0,0.9999999999999706,98.08167598496576,1.0,canonical_published,data/interim/canonical_sources/ea_flood_zones_simplified.parquet,,data/interim/flood_ea_flood_zones_simplified_clean.parquet,data/interim/canonical_sources/england_peat_map_simplified.parquet,,data/interim/peat_england_peat_map_simplified_clean.parquet,0.0,0.0,0.0,100.0,0.0,0.0,0,0.0,0.0,62.95,64.91,68.4,90.42,39.08,
hex_0009167,9.159126697855632,133.1119485381964,100.0,0.049585323148526574,0.01983412925941063,113.34288912340872,99.49453371901389,31.24,dedicated_dataset,0.9364120774017354,0.9364120774017354,0.9364120774017354,0.0,100.0,95.55,dedicated_dataset,0.0,0.0,0.0,0.0,1.0,99.18185599419513,1.0,canonical_published,data/interim/canonical_sources/ea_flood_zones_simplified.parquet,,data/interim/flood_ea_flood_zones_simplified_clean.parquet,data/interim/canonical_sources/england_peat_map_simplified.parquet,,data/interim/peat_england_peat_map_simplified_clean.parquet,0.0,0.0,0.0,100.0,0.0,0.0,0,0.0,0.0,62.84,64.9,68.67,90.1,45.8,
hex_0003842,16.561765488512947,84.1102393363455,100.0,0.005300376289104666,0.0021201505156418663,393.5111126340555,98.24508974344856,29.62,dedicated_dataset,0.9689000654996521,0.9689000654996521,0.9689000654996521,0.0,100.0,97.82,dedicated_dataset,0.0,0.0,0.0,0.0,1.0,99.48303447665258,1.0,canonical_published,data/interim/canonical_sources/ea_flood_zones_simplified.parquet,,data/interim/flood_ea_flood_zones_simplified_clean.parquet,data/interim/canonical_sources/england_peat_map_simplified.parquet,,data/interim/peat_england_peat_map_simplified_clean.parquet,0.0,0.0,0.0,100.0,0.0,0.0,0,0.0,0.0,62.31,64.64,69.96,83.01,82.81,
hex_0009455,8.176285047757757,233.88333348174552,100.0,0.0,0.0,559.7952141985859,97.50352574190431,29.25,dedicated_dataset,0.957519666470344,0.957519666470344,0.957519666470344,2.6346673032967374,99.98864349326631,97.02,dedicated_dataset,0.0,0.0,0.0,0.0,1.0,98.56248631736585,1.0,canonical_published,data/interim/canonical_sources/ea_flood_zones_simplified.parquet,,data/interim/flood_ea_flood_zones_simplified_clean.parquet,data/interim/canonical_sources/england_peat_map_simplified.parquet,,data/interim/peat_england_peat_map_simplified_clean.parquet,0.0,0.0,0.0,100.0,0.0,0.0,0,0.0,0.0,62.66,64.6,68.24,90.5,40.88,
hex_0009161,0.0,521.5487269878589,100.0,0.17944650208112664,0.07177860083245066,78.35539804763481,99.65056465427486,34.92,dedicated_dataset,0.859475672274346,0.859475672274346,0.859475672274346,0.0,100.0,90.16,dedicated_dataset,0.0,0.0,0.0,0.0,1.0,96.79441275252736,1.0,canonical_published,data/interim/canonical_sources/ea_flood_zones_simplified.parquet,,data/interim/flood_ea_flood_zones_simplified_clean.parquet,data/interim/canonical_sources/england_peat_map_simplified.parquet,,data/interim/peat_england_peat_map_simplified_clean.parquet,0.0,0.0,0.0,100.0,0.0,0.0,0,0.0,0.0,62.64,64.54,66.68,96.79,0.0,
hex_0012816,0.1122844532604822,479.4485620704327,100.0,0.05099323947036412,0.02039729578814565,95.89318816121573,99.57235276454816,31.3,dedicated_dataset,0.9198648375366576,0.9198648375366576,0.9198648375366576,0.0,100.0,94.39,dedicated_dataset,0.0,0.0,0.0,0.0,0.9999999999999706,97.05317237515212,1.0,canonical_published,data/interim/canonical_sources/ea_flood_zones_simplified.parquet,,data/interim/flood_ea_flood_zones_simplified_clean.parquet,data/interim/canonical_sources/england_peat_map_simplified.parquet,,data/interim/peat_england_peat_map_simplified_clean.parquet,0.0,0.0,0.0,100.0,0.0,0.0,0,0.0,0.0,62.81,64.53,66.62,96.94,0.56,
hex_0003845,10.842190044657155,279.57810854597585,100.0,0.13356234771830527,0.05342493908732211,76.8684682233128,99.65719579712113,33.64,dedicated_dataset,0.8738554181944664,0.8738554181944664,0.8738554181944664,0.0,100.0,91.17,dedicated_dataset,0.0,0.0,0.0,0.0,1.0,98.28163319541883,1.0,canonical_published,data/interim/canonical_sources/ea_flood_zones_simplified.parquet,,data/interim/flood_ea_flood_zones_simplified_clean.parquet,data/interim/canonical_sources/england_peat_map_simplified.parquet,,data/interim/peat_england_peat_map_simplified_clean.parquet,0.0,0.0,0.0,100.0,0.0,0.0,0,0.0,0.0,62.1,64.4,68.73,87.63,54.21,
hex_0012762,2.3117591588676665,379.55861488749764,100.0,0.0,0.0,1003.0583829658287,95.52674019189998,28.66,dedicated_dataset,0.943623963998218,0.943623963998218,0.943623963998218,0.0,100.0,96.05,dedicated_dataset,0.0,0.0,0.0,0.0,0.9999999999999706,97.66712448407517,1.0,canonical_published,data/interim/canonical_sources/ea_flood_zones_simplified.parquet,,data/interim/flood_ea_flood_zones_simplified_clean.parquet,data/interim/canonical_sources/england_peat_map_simplified.parquet,,data/interim/peat_england_peat_map_simplified_clean.parquet,0.0,0.0,0.0,100.0,0.0,0.0,0,0.0,0.0,62.68,64.34,66.89,95.41,11.56,
hex_0103556,13.266298398549974,289.28440091944503,100.0,0.0,0.0,1357.8923112076527,93.94431550285924,28.18,dedicated_dataset,0.9726176472925928,0.9726176472925928,0.9726176472925928,0.0,100.0,98.08,dedicated_dataset,0.0,0.0,0.0,0.0,0.9999999999999035,98.22197555377846,1.0,canonical_published,data/interim/canonical_sources/ea_flood_zones_simplified.parquet,,data/interim/flood_ea_flood_zones_simplified_clean.parquet,data/interim/canonical_sources/england_peat_map_simplified.parquet,,data/interim/peat_england_peat_map_simplified_clean.parquet,0.0,0.0,0.0,100.0,0.0,0.0,0,0.0,0.0,62.07,64.22,69.01,85.19,66.33,
hex_0097921,7.108954720678116,289.58158028360293,100.0,0.027210220376787178,0.010884088150714873,333.96014172073154,98.51066447892133,30.32,dedicated_dataset,0.8944146240111137,0.8944146240111137,0.8944146240111137,0.0,100.0,92.61,dedicated_dataset,0.0,0.0,0.0,0.0,0.9999999999999035,98.22014900463616,1.0,canonical_published,data/interim/canonical_sources/ea_flood_zones_simplified.parquet,,data/interim/flood_ea_flood_zones_simplified_clean.parquet,data/interim/canonical_sources/england_peat_map_simplified.parquet,,data/interim/peat_england_peat_map_simplified_clean.parquet,0.0,0.0,0.0,100.0,0.0,0.0,0,0.0,0.0,62.15,64.1,67.72,91.24,35.54,
hex_0004623,10.95651766721177,202.341748951419,80.0,0.4838312503631262,0.1935325001452505,0.0,100.0,43.55,dedicated_dataset,0.9301298162271757,0.9301298162271757,0.9301298162271757,0.0,100.0,95.11,dedicated_dataset,0.0,0.0,0.0,0.0,1.0,98.7563498931039,1.0,canonical_published,data/interim/canonical_sources/ea_flood_zones_simplified.parquet,,data/interim/flood_ea_flood_zones_simplified_clean.parquet,data/interim/canonical_sources/england_peat_map_simplified.parquet,,data/interim/peat_england_peat_map_simplified_clean.parquet,0.0,0.0,0.0,100.0,0.0,0.0,0,0.0,0.0,62.32,64.1,63.71,87.94,54.78,
hex_0004181,0.0,515.0968966941106,80.0,0.4405877068944371,0.17623508275777483,100.036215645412,99.55387643391413,42.2,dedicated_dataset,0.9588600254014898,0.9588600254014898,0.9588600254014898,0.0,100.0,97.12,dedicated_dataset,0.0,0.0,0.0,0.0,1.0,96.83406754189276,1.0,canonical_published,data/interim/canonical_sources/ea_flood_zones_simplified.parquet,,data/interim/flood_ea_flood_zones_simplified_clean.parquet,data/interim/canonical_sources/england_peat_map_simplified.parquet,,data/interim/peat_england_peat_map_simplified_clean.parquet,0.0,0.0,0.0,100.0,0.0,0.0,0,0.0,0.0,62.79,64.06,61.47,96.83,0.0,
hex_0009452,0.0,521.6290265792157,100.0,0.08655283437779819,0.034621133751119276,235.43119791827382,98.95006618447599,32.11,dedicated_dataset,0.8659074270060249,0.8659074270060249,0.8659074270060249,0.0,100.0,90.61,dedicated_dataset,0.0,0.0,0.0,0.0,1.0,96.79391920833349,1.0,canonical_published,data/interim/canonical_sources/ea_flood_zones_simplified.parquet,,data/interim/flood_ea_flood_zones_simplified_clean.parquet,data/interim/canonical_sources/england_peat_map_simplified.parquet,,data/interim/peat_england_peat_map_simplified_clean.parquet,0.0,0.0,0.0,100.0,0.0,0.0,0,0.0,0.0,62.28,64.05,66.3,96.79,0.0,
hex_0053582,11.096324986595683,69.69118729871069,100.0,0.051325085681755256,0.0205300342727021,218.0323300450816,99.02765853372037,31.15,dedicated_dataset,0.8546715028383397,0.8546715028383397,0.8546715028383397,0.0,100.0,89.83,dedicated_dataset,0.0,0.0,0.0,0.0,1.0,99.57165808350027,1.0,canonical_published,data/interim/canonical_sources/ea_flood_zones_simplified.parquet,,data/interim/flood_ea_flood_zones_simplified_clean.parquet,data/interim/canonical_sources/england_peat_map_simplified.parquet,,data/interim/peat_england_peat_map_simplified_clean.parquet,0.0,0.0,0.0,100.0,0.0,0.0,0,0.0,0.0,61.9,64.03,68.47,88.52,55.48,
hex_0013331,0.0,621.0982212901006,100.0,0.0,0.0,684.1980640102017,96.94873623261374,29.08,dedicated_dataset,0.9262704240379332,0.9262704240379332,0.9262704240379332,0.0,100.0,94.84,dedicated_dataset,0.0,0.0,0.0,0.0,0.9999999999999706,96.182553164123,1.0,canonical_published,data/interim/canonical_sources/ea_flood_zones_simplified.parquet,,data/interim/flood_ea_flood_zones_simplified_clean.parquet,data/interim/canonical_sources/england_peat_map_simplified.parquet,,data/interim/peat_england_peat_map_simplified_clean.parquet,0.0,0.0,0.0,100.0,0.0,0.0,0,0.0,0.0,62.25,63.9,66.16,96.18,0.0,
hex_0091822,15.308875073384526,185.36914674969356,100.0,0.0,0.0,726.7384213716678,96.75902237942346,29.03,dedicated_dataset,0.8996995398682714,0.8996995398682714,0.8996995398682714,0.0,100.0,92.98,dedicated_dataset,0.0,0.0,0.0,0.0,1.0,98.86066834765846,1.0,canonical_published,data/interim/canonical_sources/ea_flood_zones_simplified.parquet,,data/interim/flood_ea_flood_zones_simplified_clean.parquet,data/interim/canonical_sources/england_peat_map_simplified.parquet,,data/interim/peat_england_peat_map_simplified_clean.parquet,0.0,0.0,0.0,100.0,0.0,0.0,0,0.0,0.0,61.43,63.7,69.08,83.73,76.54,
hex_0182357,15.032984241046895,254.55044870698822,80.0,0.9987302143094083,0.3994920857237633,0.0,100.0,57.96,dedicated_dataset,0.6419405242111562,0.6419405242111562,0.6419405242111562,0.0,100.0,74.94,dedicated_dataset,0.0,0.0,0.0,0.0,1.0,98.43546033191151,1.0,canonical_published,data/interim/canonical_sources/ea_flood_zones_simplified.parquet,,data/interim/flood_ea_flood_zones_simplified_clean.parquet,data/interim/canonical_sources/england_peat_map_simplified.parquet,,data/interim/peat_england_peat_map_simplified_clean.parquet,0.0,0.0,0.0,100.0,0.0,0.0,0,0.0,0.0,60.97,63.68,64.5,83.64,75.16,
hex_0204085,13.392567944143686,75.50503995356611,80.0,0.7438473519306124,0.29753894077224496,0.0,100.0,50.83,dedicated_dataset,0.7420011554464602,0.7420011554464602,0.7420011554464602,0.0,100.0,81.94,dedicated_dataset,0.0,0.0,0.0,0.0,1.0,99.53592448668617,1.0,canonical_published,data/interim/canonical_sources/ea_flood_zones_simplified.parquet,,data/interim/flood_ea_flood_zones_simplified_clean.parquet,data/interim/canonical_sources/england_peat_map_simplified.parquet,,data/interim/peat_england_peat_map_simplified_clean.parquet,0.0,0.0,0.0,100.0,0.0,0.0,0,0.0,0.0,61.44,63.67,64.02,86.21,66.96,
hex_0027619,0.0,1237.300619830087,80.0,0.9968968158900993,0.39875872635603965,0.0,100.0,57.91,dedicated_dataset,0.7459706920368303,0.7459706920368303,0.7459706920368303,0.0,100.0,82.22,dedicated_dataset,0.0,0.0,0.0,0.0,0.9999999999999706,92.39519745139816,1.0,canonical_published,data/interim/canonical_sources/ea_flood_zones_simplified.parquet,,data/interim/flood_ea_flood_zones_simplified_clean.parquet,data/interim/canonical_sources/england_peat_map_simplified.parquet,,data/interim/peat_england_peat_map_simplified_clean.parquet,0.0,0.0,0.0,100.0,0.0,0.0,0,0.0,0.0,61.36,63.64,61.54,92.4,0.0,
hex_0051858,12.420371145801411,199.73369083837702,100.0,0.0,0.0,1232.2066755997344,94.50482575008736,28.35,dedicated_dataset,0.8924238956707841,0.8924238956707841,0.8924238956707841,0.0,100.0,92.47,dedicated_dataset,0.0,0.0,0.0,0.0,1.0,98.77237976221339,1.0,canonical_published,data/interim/canonical_sources/ea_flood_zones_simplified.parquet,,data/interim/flood_ea_flood_zones_simplified_clean.parquet,data/interim/canonical_sources/england_peat_map_simplified.parquet,,data/interim/peat_england_peat_map_simplified_clean.parquet,0.0,0.0,0.0,100.0,0.0,0.0,0,0.0,0.0,61.5,63.6,68.42,86.5,62.1,
hex_0012869,2.4343671657674837,355.19383586149604,100.0,0.0,0.0,1189.0088241682347,94.6974717773639,28.41,dedicated_dataset,0.8695495201014746,0.8695495201014746,0.8695495201014746,0.0,100.0,90.87,dedicated_dataset,0.0,0.0,0.0,0.0,0.9999999999999706,97.81687736600495,1.0,canonical_published,data/interim/canonical_sources/ea_flood_zones_simplified.parquet,,data/interim/flood_ea_flood_zones_simplified_clean.parquet,data/interim/canonical_sources/england_peat_map_simplified.parquet,,data/interim/peat_england_peat_map_simplified_clean.parquet,0.0,0.0,0.0,100.0,0.0,0.0,0,0.0,0.0,61.9,63.55,66.38,95.44,12.17,
hex_0048089,0.0,2756.9141146041893,80.0,0.9999991052728741,0.3999996421091496,0.0,100.0,58.0,dedicated_dataset,1.0,1.0,1.0,0.0,100.0,100.0,dedicated_dataset,0.0,0.0,0.0,0.0,1.0,83.05521944384265,1.0,canonical_published,data/interim/canonical_sources/ea_flood_zones_simplified.parquet,,data/interim/flood_ea_flood_zones_simplified_clean.parquet,data/interim/canonical_sources/england_peat_map_simplified.parquet,,data/interim/peat_england_peat_map_simplified_clean.parquet,0.0,0.0,0.0,100.0,0.0,0.0,0,0.0,0.0,60.77,63.52,61.65,83.06,0.0,
hex_0003891,0.0,656.8976601554011,100.0,0.34957119631654654,0.13982847852661862,60.02830580668006,99.73229653201302,39.71,dedicated_dataset,0.6933932622764908,0.6933932622764908,0.6933932622764908,0.0,100.0,78.54,dedicated_dataset,0.0,0.0,0.0,0.0,1.0,95.96251960109225,1.0,canonical_published,data/interim/canonical_sources/ea_flood_zones_simplified.parquet,,data/interim/flood_ea_flood_zones_simplified_clean.parquet,data/interim/canonical_sources/england_peat_map_simplified.parquet,,data/interim/peat_england_peat_map_simplified_clean.parquet,0.0,0.0,0.0,100.0,0.0,0.0,0,0.0,0.0,61.32,63.51,66.08,95.96,0.0,
hex_0008589,23.40077567137358,124.46705773881995,100.0,0.10926465456818686,0.04370586182727475,208.75030878987383,99.06905282673858,32.78,dedicated_dataset,0.9999999999999998,0.9999999999999998,0.9999999999999998,0.0,100.0,100.0,dedicated_dataset,0.0,0.0,0.0,0.0,1.0,99.23498995899709,1.0,canonical_published,data/interim/canonical_sources/ea_flood_zones_simplified.parquet,,data/interim/flood_ea_flood_zones_simplified_clean.parquet,data/interim/canonical_sources/england_peat_map_simplified.parquet,,data/interim/peat_england_peat_map_simplified_clean.parquet,0.0,0.0,0.0,100.0,0.0,0.0,0,0.0,0.0,60.67,63.51,69.41,76.01,83.0,
hex_0162208,0.0,636.198820035136,80.0,0.952163592101094,0.38086543684043755,0.0,100.0,56.66,dedicated_dataset,0.6466354926563381,0.6466354926563381,0.6466354926563381,0.0,100.0,75.26,dedicated_dataset,0.0,0.0,0.0,0.0,1.0,96.0897405768009,1.0,canonical_published,data/interim/canonical_sources/ea_flood_zones_simplified.parquet,,data/interim/flood_ea_flood_zones_simplified_clean.parquet,data/interim/canonical_sources/england_peat_map_simplified.parquet,,data/interim/peat_england_peat_map_simplified_clean.parquet,0.0,0.0,0.0,100.0,0.0,0.0,0,0.0,0.0,61.42,63.45,61.32,96.09,0.0,
hex_0012868,0.0,723.3438643594241,100.0,0.0,0.0,544.2229164119695,97.57297228159891,29.27,dedicated_dataset,0.8930963191768424,0.8930963191768424,0.8930963191768424,0.0,100.0,92.52,dedicated_dataset,0.0,0.0,0.0,0.0,0.9999999999999706,95.5541222763216,1.0,canonical_published,data/interim/canonical_sources/ea_flood_zones_simplified.parquet,,data/interim/flood_ea_flood_zones_simplified_clean.parquet,data/interim/canonical_sources/england_peat_map_simplified.parquet,,data/interim/peat_england_peat_map_simplified_clean.parquet,0.0,0.0,0.0,100.0,0.0,0.0,0,0.0,0.0,61.71,63.4,65.84,95.55,0.0,
hex_0013294,10.455765439873689,285.5160617634706,100.0,0.0,0.0,543.7882113535459,97.5749109012239,29.27,dedicated_dataset,0.8612277760186899,0.8612277760186899,0.8612277760186899,0.0,100.0,90.29,dedicated_dataset,0.0,0.0,0.0,0.0,0.9999999999999706,98.24513684114716,1.0,canonical_published,data/interim/canonical_sources/ea_flood_zones_simplified.parquet,,data/interim/flood_ea_flood_zones_simplified_clean.parquet,data/interim/canonical_sources/england_peat_map_simplified.parquet,,data/interim/peat_england_peat_map_simplified_clean.parquet,0.0,0.0,0.0,100.0,0.0,0.0,0,0.0,0.0,61.34,63.4,67.91,87.97,52.28,
hex_0009047,23.425223076658366,0.0,100.0,0.16573440012575247,0.06629376005030098,15.504779593415911,99.93085456582935,34.62,dedicated_dataset,0.935642328724493,0.935642328724493,0.935642328724493,0.0,100.0,95.49,dedicated_dataset,0.0,0.0,0.0,0.0,1.0,100.0,1.0,canonical_published,data/interim/canonical_sources/ea_flood_zones_simplified.parquet,,data/interim/flood_ea_flood_zones_simplified_clean.parquet,data/interim/canonical_sources/england_peat_map_simplified.parquet,,data/interim/peat_england_peat_map_simplified_clean.parquet,0.0,0.0,0.0,100.0,0.0,0.0,0,0.0,0.0,60.46,63.36,69.33,76.57,82.87,
hex_0165555,6.264018980116353,261.5282374865652,100.0,0.0,0.0,496.0463060536323,97.78782168465084,29.34,dedicated_dataset,0.832710825791314,0.832710825791314,0.832710825791314,0.0,100.0,88.29,dedicated_dataset,0.0,0.0,0.0,0.0,1.0,98.39257285166292,1.0,canonical_published,data/interim/canonical_sources/ea_flood_zones_simplified.parquet,,data/interim/flood_ea_flood_zones_simplified_clean.parquet,data/interim/canonical_sources/england_peat_map_simplified.parquet,,data/interim/peat_england_peat_map_simplified_clean.parquet,0.0,0.0,0.0,100.0,0.0,0.0,0,0.0,0.0,61.49,63.35,67.02,92.23,31.32,
hex_0012921,0.0,890.2162459955327,100.0,0.0,0.0,1017.2224043932208,95.46357403043999,28.64,dedicated_dataset,0.9238158242769539,0.9238158242769539,0.9238158242769539,0.0,100.0,94.67,dedicated_dataset,0.0,0.0,0.0,0.0,0.9999999999999706,94.52847701855733,1.0,canonical_published,data/interim/canonical_sources/ea_flood_zones_simplified.parquet,,data/interim/flood_ea_flood_zones_simplified_clean.parquet,data/interim/canonical_sources/england_peat_map_simplified.parquet,,data/interim/peat_england_peat_map_simplified_clean.parquet,0.0,0.0,0.0,100.0,0.0,0.0,0,0.0,0.0,61.58,63.29,65.78,94.53,0.0,
hex_0041198,14.177466314710479,48.409429178782645,80.0,0.4797816141981263,0.19191264567925054,0.0,100.0,43.43,dedicated_dataset,0.8348756548818579,0.8348756548818579,0.8348756548818579,0.0,100.0,88.44,dedicated_dataset,2.0,2.0,0.0,0.0,1.0,99.70246183951178,1.0,canonical_published,data/interim/canonical_sources/ea_flood_zones_simplified.parquet,,data/interim/flood_ea_flood_zones_simplified_clean.parquet,data/interim/canonical_sources/england_peat_map_simplified.parquet,,data/interim/peat_england_peat_map_simplified_clean.parquet,2.53,36.08,0.91,100.0,0.0,0.0,1,18.04,0.46,61.37,63.24,63.79,85.57,70.89,
hex_0004341,15.456860544370358,228.5004185930116,100.0,0.1588654312479276,0.06354617249917104,6.634667303296737,99.97041190114956,34.44,dedicated_dataset,0.7480887909176787,0.7480887909176787,0.7480887909176787,0.0,100.0,82.37,dedicated_dataset,0.0,0.0,0.0,0.0,1.0,98.59557124774467,1.0,canonical_published,data/interim/canonical_sources/ea_flood_zones_simplified.parquet,,data/interim/flood_ea_flood_zones_simplified_clean.parquet,data/interim/canonical_sources/england_peat_map_simplified.parquet,,data/interim/peat_england_peat_map_simplified_clean.parquet,0.0,0.0,0.0,100.0,0.0,0.0,0,0.0,0.0,60.56,63.12,68.82,83.36,77.28,
hex_0008725,6.650675864225253,209.23709991983355,100.0,0.026962331873883846,0.010784932749553538,161.43336970699545,99.28006842207803,30.54,dedicated_dataset,0.7804926267938279,0.7804926267938279,0.7804926267938279,0.0,100.0,84.63,dedicated_dataset,0.0,0.0,0.0,0.0,1.0,98.71396909915804,1.0,canonical_published,data/interim/canonical_sources/ea_flood_zones_simplified.parquet,,data/interim/flood_ea_flood_zones_simplified_clean.parquet,data/interim/canonical_sources/england_peat_map_simplified.parquet,,data/interim/peat_england_peat_map_simplified_clean.parquet,0.0,0.0,0.0,100.0,0.0,0.0,0,0.0,0.0,61.19,63.11,66.96,92.15,33.25,
hex_0097862,10.37029388178641,251.81146783973523,100.0,0.0,0.0,1196.566917422162,94.66376554913948,28.4,dedicated_dataset,0.8423430559927999,0.8423430559927999,0.8423430559927999,0.0,100.0,88.96,dedicated_dataset,0.0,0.0,0.0,0.0,0.9999999999999035,98.45229488961401,1.0,canonical_published,data/interim/canonical_sources/ea_flood_zones_simplified.parquet,,data/interim/flood_ea_flood_zones_simplified_clean.parquet,data/interim/canonical_sources/england_peat_map_simplified.parquet,,data/interim/peat_england_peat_map_simplified_clean.parquet,0.0,0.0,0.0,100.0,0.0,0.0,0,0.0,0.0,61.08,63.09,67.67,88.24,51.85,
hex_0004460,0.0,536.7820181383803,100.0,0.017552196621727204,0.007020878648690881,192.28474399723146,99.14248299835711,30.23,dedicated_dataset,0.8103872824392495,0.8103872824392495,0.8103872824392495,0.0,100.0,86.73,dedicated_dataset,0.0,0.0,0.0,0.0,1.0,96.70078459983074,1.0,canonical_published,data/interim/canonical_sources/ea_flood_zones_simplified.parquet,,data/interim/flood_ea_flood_zones_simplified_clean.parquet,data/interim/canonical_sources/england_peat_map_simplified.parquet,,data/interim/peat_england_peat_map_simplified_clean.parquet,0.0,0.0,0.0,100.0,0.0,0.0,0,0.0,0.0,61.39,63.07,65.61,96.7,0.0,
hex_0098444,20.365468710994445,62.44129191024421,100.0,0.9992619582621853,0.3997047833048742,0.0,100.0,57.98,dedicated_dataset,0.3107890111815558,0.3107890111815558,0.3107890111815558,25.98257709266441,99.88800433688822,51.72,dedicated_dataset,0.0,0.0,0.0,0.0,0.9999999999999035,99.61621800858532,1.0,canonical_published,data/interim/canonical_sources/ea_flood_zones_simplified.parquet,,data/interim/flood_ea_flood_zones_simplified_clean.parquet,data/interim/canonical_sources/england_peat_map_simplified.parquet,,data/interim/peat_england_peat_map_simplified_clean.parquet,0.0,0.0,0.0,100.0,0.0,0.0,0,0.0,0.0,59.13,63.06,70.02,79.33,98.17,
hex_0090796,19.77920521912736,211.20339582814373,100.0,0.026590704759560185,0.010636281903824076,148.35618356957923,99.33838771051124,30.55,dedicated_dataset,0.831576020497636,0.831576020497636,0.831576020497636,2.835950697422959,99.98777587851362,88.21,dedicated_dataset,0.0,0.0,0.0,0.0,1.0,98.70188368362105,1.0,canonical_published,data/interim/canonical_sources/ea_flood_zones_simplified.parquet,,data/interim/flood_ea_flood_zones_simplified_clean.parquet,data/interim/canonical_sources/england_peat_map_simplified.parquet,,data/interim/peat_england_peat_map_simplified_clean.parquet,0.0,0.0,0.0,100.0,0.0,0.0,0,0.0,0.0,60.47,63.04,69.58,79.18,98.9,
hex_0027505,0.0,725.9347068632668,80.0,1.0,0.4000000000000012,0.0,100.0,58.0,dedicated_dataset,0.5983797902970824,0.5983797902970824,0.5983797902970824,22.987433871532044,99.90091464405171,71.86,dedicated_dataset,0.0,0.0,0.0,0.0,0.9999999999999706,95.538198219257,1.0,canonical_published,data/interim/canonical_sources/ea_flood_zones_simplified.parquet,,data/interim/flood_ea_flood_zones_simplified_clean.parquet,data/interim/canonical_sources/england_peat_map_simplified.parquet,,data/interim/peat_england_peat_map_simplified_clean.parquet,0.0,0.0,0.0,100.0,0.0,0.0,0,0.0,0.0,60.92,63.04,61.08,95.54,0.0,
hex_0046502,14.336577597228953,254.80207137918305,100.0,0.0,0.0,514.9777506033275,97.70339462491876,29.31,dedicated_dataset,0.8335918725655589,0.8335918725655589,0.8335918725655589,0.0,100.0,88.35,dedicated_dataset,0.0,0.0,0.0,0.0,1.0,98.43391378719302,1.0,canonical_published,data/interim/canonical_sources/ea_flood_zones_simplified.parquet,,data/interim/flood_ea_flood_zones_simplified_clean.parquet,data/interim/canonical_sources/england_peat_map_simplified.parquet,,data/interim/peat_england_peat_map_simplified_clean.parquet,0.0,0.0,0.0,100.0,0.0,0.0,0,0.0,0.0,60.74,62.99,68.43,84.32,71.68,
hex_0043288,0.4264360309708934,419.10726390074126,80.0,0.698847774772597,0.2795391099090388,0.0,100.0,49.57,dedicated_dataset,0.7002100153649452,0.7002100153649452,0.7002100153649452,0.0,100.0,79.01,dedicated_dataset,0.0,0.0,0.0,0.0,1.0,97.42404720601564,1.0,canonical_published,data/interim/canonical_sources/ea_flood_zones_simplified.parquet,,data/interim/flood_ea_flood_zones_simplified_clean.parquet,data/interim/canonical_sources/england_peat_map_simplified.parquet,,data/interim/peat_england_peat_map_simplified_clean.parquet,0.0,0.0,0.0,100.0,0.0,0.0,0,0.0,0.0,61.35,62.98,60.95,97.01,2.13,
hex_0008761,23.388753018103266,204.48802295298208,100.0,0.15334218571049602,0.06133687428419841,0.6346673032967374,99.99716962463246,34.29,dedicated_dataset,0.9306563110992568,0.9306563110992568,0.9306563110992568,0.0,100.0,95.15,dedicated_dataset,0.0,0.0,0.0,0.0,1.0,98.74315828086715,1.0,canonical_published,data/interim/canonical_sources/ea_flood_zones_simplified.parquet,,data/interim/flood_ea_flood_zones_simplified_clean.parquet,data/interim/canonical_sources/england_peat_map_simplified.parquet,,data/interim/peat_england_peat_map_simplified_clean.parquet,0.0,0.0,0.0,100.0,0.0,0.0,0,0.0,0.0,60.05,62.98,69.09,75.65,83.06,
hex_0202989,0.0,1573.5292468734312,80.0,0.9927392500540779,0.39709570002163114,0.0,100.0,57.8,dedicated_dataset,0.7435005699397463,0.7435005699397463,0.7435005699397463,0.0,100.0,82.05,dedicated_dataset,0.0,0.0,0.0,0.0,0.8836862427751353,90.32864040061187,1.0,canonical_published,data/interim/canonical_sources/ea_flood_zones_simplified.parquet,,data/interim/flood_ea_flood_zones_simplified_clean.parquet,data/interim/canonical_sources/england_peat_map_simplified.parquet,,data/interim/peat_england_peat_map_simplified_clean.parquet,0.0,0.0,0.0,100.0,0.0,0.0,0,0.0,0.0,60.59,62.97,61.13,90.33,0.0,
hex_0181014,0.0,1196.1365129315893,80.0,0.9696968628548679,0.38787874514194715,0.0,100.0,57.15,dedicated_dataset,0.6899762916902997,0.6899762916902997,0.6899762916902997,43.145385275227696,99.81402552884269,78.24,dedicated_dataset,0.0,0.0,0.0,0.0,1.0,92.6482037944287,1.0,canonical_published,data/interim/canonical_sources/ea_flood_zones_simplified.parquet,,data/interim/flood_ea_flood_zones_simplified_clean.parquet,data/interim/canonical_sources/england_peat_map_simplified.parquet,,data/interim/peat_england_peat_map_simplified_clean.parquet,0.0,0.0,0.0,100.0,0.0,0.0,0,0.0,0.0,60.74,62.96,61.07,92.65,0.0,
hex_0203046,0.0,689.3171095898504,80.0,0.9994257150466264,0.39977028601865056,0.0,100.0,57.98,dedicated_dataset,0.5805749373494268,0.5805749373494268,0.5805749373494267,10.015583555766497,99.95682868878714,70.63,dedicated_dataset,0.0,0.0,0.0,0.0,0.9007825090227819,95.76326041724313,1.0,canonical_published,data/interim/canonical_sources/ea_flood_zones_simplified.parquet,,data/interim/flood_ea_flood_zones_simplified_clean.parquet,data/interim/canonical_sources/england_peat_map_simplified.parquet,,data/interim/peat_england_peat_map_simplified_clean.parquet,0.0,0.0,0.0,100.0,0.0,0.0,0,0.0,0.0,60.81,62.92,61.0,95.76,0.0,
hex_0009801,20.477200186287913,263.0872540198394,100.0,0.0,0.0,1223.915399911943,94.54180169378309,28.36,dedicated_dataset,0.8923522834116651,0.8923522834116651,0.8923522834116651,0.0,100.0,92.46,dedicated_dataset,0.0,0.0,0.0,0.0,1.0,98.38299069134105,1.0,canonical_published,data/interim/canonical_sources/ea_flood_zones_simplified.parquet,,data/interim/flood_ea_flood_zones_simplified_clean.parquet,data/interim/canonical_sources/england_peat_map_simplified.parquet,,data/interim/peat_england_peat_map_simplified_clean.parquet,0.0,0.0,0.0,100.0,0.0,0.0,0,0.0,0.0,60.39,62.89,69.42,78.24,97.61,
hex_0013183,0.0,596.7328657014502,100.0,0.0,0.0,849.7902149257051,96.21025806842458,28.86,dedicated_dataset,0.8255516325449087,0.8255516325449087,0.8255516325449087,0.0,100.0,87.79,dedicated_dataset,0.0,0.0,0.0,0.0,0.9999999999999706,96.33230958977128,1.0,canonical_published,data/interim/canonical_sources/ea_flood_zones_simplified.parquet,,data/interim/flood_ea_flood_zones_simplified_clean.parquet,data/interim/canonical_sources/england_peat_map_simplified.parquet,,data/interim/peat_england_peat_map_simplified_clean.parquet,0.0,0.0,0.0,100.0,0.0,0.0,0,0.0,0.0,61.21,62.84,65.45,96.33,0.0,
hex_0012974,0.0,533.3582222948993,100.0,0.0,0.0,1058.170327682092,95.28096182901291,28.58,dedicated_dataset,0.8133148209195853,0.8133148209195853,0.8133148209195853,0.0,100.0,86.93,dedicated_dataset,0.0,0.0,0.0,0.0,0.9999999999999706,96.72182822572012,1.0,canonical_published,data/interim/canonical_sources/ea_flood_zones_simplified.parquet,,data/interim/flood_ea_flood_zones_simplified_clean.parquet,data/interim/canonical_sources/england_peat_map_simplified.parquet,,data/interim/peat_england_peat_map_simplified_clean.parquet,0.0,0.0,0.0,100.0,0.0,0.0,0,0.0,0.0,61.18,62.77,65.39,96.72,0.0,
hex_0013330,1.4403720845539651,423.58055302865245,100.0,0.0,0.0,644.7433644251693,97.12468922287991,29.14,dedicated_dataset,0.78727957249375,0.78727957249375,0.7872795724937499,0.0,100.0,85.11,dedicated_dataset,0.0,0.0,0.0,0.0,0.9999999999999706,97.39655309503294,1.0,canonical_published,data/interim/canonical_sources/ea_flood_zones_simplified.parquet,,data/interim/flood_ea_flood_zones_simplified_clean.parquet,data/interim/canonical_sources/england_peat_map_simplified.parquet,,data/interim/peat_england_peat_map_simplified_clean.parquet,0.0,0.0,0.0,100.0,0.0,0.0,0,0.0,0.0,61.09,62.75,65.66,95.99,7.2,
hex_0182571,0.0,547.3705454891613,80.0,0.5682515745535496,0.22730062982141983,0.0,100.0,45.91,dedicated_dataset,0.7684601148099095,0.7684601148099095,0.7684601148099095,0.0,100.0,83.79,dedicated_dataset,0.0,0.0,0.0,0.0,1.0,96.63570449036291,1.0,canonical_published,data/interim/canonical_sources/ea_flood_zones_simplified.parquet,,data/interim/flood_ea_flood_zones_simplified_clean.parquet,data/interim/canonical_sources/england_peat_map_simplified.parquet,,data/interim/peat_england_peat_map_simplified_clean.parquet,0.0,0.0,0.0,100.0,0.0,0.0,0,0.0,0.0,61.28,62.74,60.66,96.64,0.0,
hex_0179693,0.0,1017.2805711872402,80.0,1.0,0.39999999999999997,0.0,100.0,58.0,dedicated_dataset,0.6208574724894316,0.6208574724894316,0.6208574724894316,2.634667303180322,99.9886434932668,73.46,dedicated_dataset,0.0,0.0,0.0,0.0,1.0,93.74750343092026,1.0,canonical_published,data/interim/canonical_sources/ea_flood_zones_simplified.parquet,,data/interim/flood_ea_flood_zones_simplified_clean.parquet,data/interim/canonical_sources/england_peat_map_simplified.parquet,,data/interim/peat_england_peat_map_simplified_clean.parquet,0.0,0.0,0.0,100.0,0.0,0.0,0,0.0,0.0,60.53,62.74,60.92,93.75,0.0,
hex_0086750,6.953279217991066,343.8164395568803,100.0,0.0,0.0,517.3030327792707,97.69302474867149,29.31,dedicated_dataset,0.7893935108884086,0.7893935108884086,0.7893935108884087,0.0,100.0,85.26,dedicated_dataset,0.0,0.0,0.0,0.0,1.0,97.88680608908736,1.0,canonical_published,data/interim/canonical_sources/ea_flood_zones_simplified.parquet,,data/interim/flood_ea_flood_zones_simplified_clean.parquet,data/interim/canonical_sources/england_peat_map_simplified.parquet,,data/interim/peat_england_peat_map_simplified_clean.parquet,0.0,0.0,0.0,100.0,0.0,0.0,0,0.0,0.0,60.8,62.71,66.75,91.08,34.77,
hex_0013332,4.870313932514823,349.32417180861296,100.0,0.0,0.0,1119.669633950759,95.00669825709176,28.5,dedicated_dataset,0.7958480116747275,0.7958480116747275,0.7958480116747274,67.14751649649017,99.71056640726924,85.62,dedicated_dataset,0.0,0.0,0.0,0.0,0.9999999999999706,97.85295399559149,1.0,canonical_published,data/interim/canonical_sources/ea_flood_zones_simplified.parquet,,data/interim/flood_ea_flood_zones_simplified_clean.parquet,data/interim/canonical_sources/england_peat_map_simplified.parquet,,data/interim/peat_england_peat_map_simplified_clean.parquet,0.0,0.0,0.0,100.0,0.0,0.0,0,0.0,0.0,60.92,62.69,66.3,93.09,24.35,
hex_0012710,1.0620982007314441,303.42595021558463,100.0,0.004594025339493596,0.0018376101357974383,288.1136523439915,98.71512242648872,29.74,dedicated_dataset,0.7414057718887563,0.7414057718887563,0.7414057718887563,0.0,100.0,81.9,dedicated_dataset,0.0,0.0,0.0,0.0,0.9999999999999706,98.13505755793747,1.0,canonical_published,data/interim/canonical_sources/ea_flood_zones_simplified.parquet,,data/interim/flood_ea_flood_zones_simplified_clean.parquet,data/interim/canonical_sources/england_peat_map_simplified.parquet,,data/interim/peat_england_peat_map_simplified_clean.parquet,0.0,0.0,0.0,100.0,0.0,0.0,0,0.0,0.0,60.99,62.63,65.5,97.09,5.31,
hex_0098618,0.0,515.7692538319834,100.0,0.09448029872494243,0.03779211948997697,302.240480242234,98.65212213405678,32.24,dedicated_dataset,0.7261055923419071,0.7261055923419071,0.7261055923419071,0.0,100.0,80.83,dedicated_dataset,0.0,0.0,0.0,0.0,0.9999999999999035,96.829935043134,1.0,canonical_published,data/interim/canonical_sources/ea_flood_zones_simplified.parquet,,data/interim/flood_ea_flood_zones_simplified_clean.parquet,data/interim/canonical_sources/england_peat_map_simplified.parquet,,data/interim/peat_england_peat_map_simplified_clean.parquet,0.0,0.0,0.0,100.0,0.0,0.0,0,0.0,0.0,60.85,62.62,65.35,96.83,0.0,
hex_0202931,0.0,2184.9645284363355,80.0,0.9904174604639184,0.3961669841855674,0.0,100.0,57.73,dedicated_dataset,0.8200123342339724,0.8200123342339724,0.8200123342339724,29.680580010388528,99.87206441347405,87.36,dedicated_dataset,0.0,0.0,0.0,0.0,0.9047692658703758,86.57058474864493,1.0,canonical_published,data/interim/canonical_sources/ea_flood_zones_simplified.parquet,,data/interim/flood_ea_flood_zones_simplified_clean.parquet,data/interim/canonical_sources/england_peat_map_simplified.parquet,,data/interim/peat_england_peat_map_simplified_clean.parquet,0.0,0.0,0.0,100.0,0.0,0.0,0,0.0,0.0,60.06,62.62,60.98,86.57,0.0,
hex_0095295,5.61926607749538,249.48479714476304,100.0,0.0,0.0,596.9252923520635,97.33793968121614,29.2,dedicated_dataset,0.7584669026418697,0.7584669026418697,0.7584669026418697,0.0,100.0,83.09,dedicated_dataset,0.0,0.0,0.0,0.0,0.9999999999999035,98.46659527138647,1.0,canonical_published,data/interim/canonical_sources/ea_flood_zones_simplified.parquet,,data/interim/flood_ea_flood_zones_simplified_clean.parquet,data/interim/canonical_sources/england_peat_map_simplified.parquet,,data/interim/peat_england_peat_map_simplified_clean.parquet,0.0,0.0,0.0,100.0,0.0,0.0,0,0.0,0.0,60.77,62.59,66.38,92.93,28.1,
hex_0090854,16.49561312701907,247.28512603895686,100.0,0.0,0.0,528.7641305070396,97.64191260136981,29.29,dedicated_dataset,0.8023608208617559,0.8023608208617559,0.8023608208617559,0.0,100.0,86.17,dedicated_dataset,0.0,0.0,0.0,0.0,1.0,98.48011507745738,1.0,canonical_published,data/interim/canonical_sources/ea_flood_zones_simplified.parquet,,data/interim/flood_ea_flood_zones_simplified_clean.parquet,data/interim/canonical_sources/england_peat_map_simplified.parquet,,data/interim/peat_england_peat_map_simplified_clean.parquet,0.0,0.0,0.0,100.0,0.0,0.0,0,0.0,0.0,60.23,62.58,68.59,82.24,82.48,
hex_0015764,10.42897152836219,296.03837952545956,100.0,0.0,0.0,985.5924340805221,95.60463169700655,28.68,dedicated_dataset,0.7906860271729864,0.7906860271729864,0.7906860271729864,0.0,100.0,85.35,dedicated_dataset,0.0,0.0,0.0,0.0,0.9999999999999706,98.18046367469829,1.0,canonical_published,data/interim/canonical_sources/ea_flood_zones_simplified.parquet,,data/interim/flood_ea_flood_zones_simplified_clean.parquet,data/interim/canonical_sources/england_peat_map_simplified.parquet,,data/interim/peat_england_peat_map_simplified_clean.parquet,0.0,0.0,0.0,100.0,0.0,0.0,0,0.0,0.0,60.49,62.53,67.32,87.94,52.14,
hex_0027391,0.0,799.7927407808562,80.0,0.8776511790251789,0.3510604716100716,3.3653326967032626,99.98499189304562,54.57,dedicated_dataset,0.6261547861888137,0.6261547861888137,0.6261547861888137,0.0,100.0,73.83,dedicated_dataset,0.0,0.0,0.0,0.0,0.9999999999999706,95.0842456748476,1.0,canonical_published,data/interim/canonical_sources/ea_flood_zones_simplified.parquet,,data/interim/flood_ea_flood_zones_simplified_clean.parquet,data/interim/canonical_sources/england_peat_map_simplified.parquet,,data/interim/peat_england_peat_map_simplified_clean.parquet,0.0,0.0,0.0,100.0,0.0,0.0,0,0.0,0.0,60.54,62.51,60.68,95.08,0.0,
hex_0127123,0.0,945.4901300116574,80.0,0.9423288495244522,0.3769315398097809,0.0,100.0,56.39,dedicated_dataset,0.6165041597192077,0.6165041597192077,0.6165041597192077,0.0,100.0,73.16,dedicated_dataset,0.0,0.0,0.0,0.0,1.0,94.18874796055793,1.0,canonical_published,data/interim/canonical_sources/ea_flood_zones_simplified.parquet,,data/interim/flood_ea_flood_zones_simplified_clean.parquet,data/interim/canonical_sources/england_peat_map_simplified.parquet,,data/interim/peat_england_peat_map_simplified_clean.parquet,0.0,0.0,0.0,100.0,0.0,0.0,0,0.0,0.0,60.4,62.51,60.73,94.19,0.0,
hex_0095848,3.721928988878373,286.4783302143874,100.0,0.0,0.0,566.8590553480565,97.47202369053687,29.24,dedicated_dataset,0.7462573854607448,0.7462573854607448,0.7462573854607448,0.0,100.0,82.24,dedicated_dataset,0.0,0.0,0.0,0.0,0.9999999999999035,98.23922246476144,1.0,canonical_published,data/interim/canonical_sources/ea_flood_zones_simplified.parquet,,data/interim/flood_ea_flood_zones_simplified_clean.parquet,data/interim/canonical_sources/england_peat_map_simplified.parquet,,data/interim/peat_england_peat_map_simplified_clean.parquet,0.0,0.0,0.0,100.0,0.0,0.0,0,0.0,0.0,60.76,62.49,65.94,94.58,18.61,
hex_0182686,19.118214760791837,77.9255641340686,100.0,0.27649723692590933,0.11059889477036373,160.60605610906472,99.28375792682587,37.53,dedicated_dataset,0.6235313701861995,0.6235313701861995,0.6235313701861995,28.68305134745376,99.8763641749519,73.61,dedicated_dataset,0.0,0.0,0.0,0.0,1.0,99.52104725462,1.0,canonical_published,data/interim/canonical_sources/ea_flood_zones_simplified.parquet,,data/interim/flood_ea_flood_zones_simplified_clean.parquet,data/interim/canonical_sources/england_peat_map_simplified.parquet,,data/interim/peat_england_peat_map_simplified_clean.parquet,0.0,0.0,0.0,100.0,0.0,0.0,0,0.0,0.0,59.62,62.47,69.17,80.49,95.59,
hex_0182629,21.222069273309714,82.84320097328627,80.0,0.8966939046240389,0.3586775618496156,0.0,100.0,55.11,dedicated_dataset,0.6405721976748812,0.6405721976748812,0.6405721976748812,0.0,100.0,74.84,dedicated_dataset,0.0,0.0,0.0,0.0,1.0,99.49082205585374,1.0,canonical_published,data/interim/canonical_sources/ea_flood_zones_simplified.parquet,,data/interim/flood_ea_flood_zones_simplified_clean.parquet,data/interim/canonical_sources/england_peat_map_simplified.parquet,,data/interim/peat_england_peat_map_simplified_clean.parquet,0.0,0.0,0.0,100.0,0.0,0.0,0,0.0,0.0,59.62,62.46,64.43,78.38,93.89,
hex_0086805,10.07128605501126,304.0764612317591,100.0,0.0,0.0,1052.0812020441297,95.3081170190251,28.59,dedicated_dataset,0.7829578442874693,0.7829578442874693,0.7829578442874692,0.0,100.0,84.81,dedicated_dataset,0.0,0.0,0.0,0.0,1.0,98.13105933167425,1.0,canonical_published,data/interim/canonical_sources/ea_flood_zones_simplified.parquet,,data/interim/flood_ea_flood_zones_simplified_clean.parquet,data/interim/canonical_sources/england_peat_map_simplified.parquet,,data/interim/peat_england_peat_map_simplified_clean.parquet,0.0,0.0,0.0,100.0,0.0,0.0,0,0.0,0.0,60.42,62.43,67.18,88.25,50.36,
hex_0048143,0.0,2433.439789823088,80.0,0.8385819574083563,0.3354327829633425,0.0,100.0,53.48,dedicated_dataset,0.9252970546639832,0.9252970546639832,0.9252970546639832,0.0,100.0,94.77,dedicated_dataset,0.0,0.0,0.0,0.0,1.0,85.0433849147695,1.0,canonical_published,data/interim/canonical_sources/ea_flood_zones_simplified.parquet,,data/interim/flood_ea_flood_zones_simplified_clean.parquet,data/interim/canonical_sources/england_peat_map_simplified.parquet,,data/interim/peat_england_peat_map_simplified_clean.parquet,0.0,0.0,0.0,100.0,0.0,0.0,0,0.0,0.0,60.0,62.42,60.81,85.04,0.0,
hex_0003799,22.867037961371572,196.47875232293302,100.0,0.04280338952762129,0.017121355811048514,203.37122769917522,99.09304148747474,30.93,dedicated_dataset,0.9123255600057567,0.9123255600057567,0.9123255600057567,0.0,100.0,93.86,dedicated_dataset,0.0,0.0,0.0,0.0,1.0,98.79238554279821,1.0,canonical_published,data/interim/canonical_sources/ea_flood_zones_simplified.parquet,,data/interim/flood_ea_flood_zones_simplified_clean.parquet,data/interim/canonical_sources/england_peat_map_simplified.parquet,,data/interim/peat_england_peat_map_simplified_clean.parquet,0.0,0.0,0.0,100.0,0.0,0.0,0,0.0,0.0,59.67,62.41,68.74,76.2,85.66,
hex_0165610,0.0,449.1023856375338,100.0,0.0,0.0,741.8358121932985,96.69169374460373,29.01,dedicated_dataset,0.7544664120393871,0.7544664120393871,0.7544664120393871,0.0,100.0,82.81,dedicated_dataset,0.0,0.0,0.0,0.0,1.0,97.23968863173407,1.0,canonical_published,data/interim/canonical_sources/ea_flood_zones_simplified.parquet,,data/interim/flood_ea_flood_zones_simplified_clean.parquet,data/interim/canonical_sources/england_peat_map_simplified.parquet,,data/interim/peat_england_peat_map_simplified_clean.parquet,0.0,0.0,0.0,100.0,0.0,0.0,0,0.0,0.0,60.81,62.4,65.14,97.24,0.0,
hex_0012711,0.05188249104646079,446.2803685802159,100.0,0.0,0.0,971.4038293331265,95.66790749074637,28.7,dedicated_dataset,0.759367153614609,0.759367153614609,0.759367153614609,0.0,100.0,83.16,dedicated_dataset,0.0,0.0,0.0,0.0,0.9999999999999706,97.2570335535467,1.0,canonical_published,data/interim/canonical_sources/ea_flood_zones_simplified.parquet,,data/interim/flood_ea_flood_zones_simplified_clean.parquet,data/interim/canonical_sources/england_peat_map_simplified.parquet,,data/interim/peat_england_peat_map_simplified_clean.parquet,0.0,0.0,0.0,100.0,0.0,0.0,0,0.0,0.0,60.82,62.39,65.14,97.21,0.26,
hex_0053041,10.775206266129256,199.46680518267203,100.0,0.0,0.0,1627.0875341282085,92.74380694655513,27.82,dedicated_dataset,0.7770349556489528,0.7770349556489528,0.7770349556489528,0.0,100.0,84.39,dedicated_dataset,0.0,0.0,0.0,0.0,1.0,98.7740201175823,1.0,canonical_published,data/interim/canonical_sources/ea_flood_zones_simplified.parquet,,data/interim/flood_ea_flood_zones_simplified_clean.parquet,data/interim/canonical_sources/england_peat_map_simplified.parquet,,data/interim/peat_england_peat_map_simplified_clean.parquet,0.0,0.0,0.0,100.0,0.0,0.0,0,0.0,0.0,60.37,62.36,67.25,88.13,53.88,
hex_0004622,15.854376227958197,165.0997193469802,80.0,0.40972668241490967,0.1638906729659639,0.0,100.0,41.47,dedicated_dataset,0.8169509035656853,0.8169509035656853,0.8169509035656853,0.0,100.0,87.19,dedicated_dataset,0.0,0.0,0.0,0.0,1.0,98.98525003031537,1.0,canonical_published,data/interim/canonical_sources/ea_flood_zones_simplified.parquet,,data/interim/flood_ea_flood_zones_simplified_clean.parquet,data/interim/canonical_sources/england_peat_map_simplified.parquet,,data/interim/peat_england_peat_map_simplified_clean.parquet,0.0,0.0,0.0,100.0,0.0,0.0,0,0.0,0.0,60.41,62.32,63.48,83.29,79.27,
hex_0009397,0.0,463.0128146706408,80.0,0.20551931312384275,0.08220772524953711,63.36533269670326,99.71741465821665,35.67,dedicated_dataset,0.90622659556733,0.90622659556733,0.90622659556733,0.0,100.0,93.44,dedicated_dataset,0.0,0.0,0.0,0.0,1.0,97.15419116695655,1.0,canonical_published,data/interim/canonical_sources/ea_flood_zones_simplified.parquet,,data/interim/flood_ea_flood_zones_simplified_clean.parquet,data/interim/canonical_sources/england_peat_map_simplified.parquet,,data/interim/peat_england_peat_map_simplified_clean.parquet,0.0,0.0,0.0,100.0,0.0,0.0,0,0.0,0.0,61.37,62.29,60.18,97.15,0.0,
hex_0008646,4.81987414211501,368.1957346402174,80.0,0.0390812956217066,0.01563251824868264,294.973816361672,98.68452869784998,30.7,dedicated_dataset,0.9999999999999998,0.9999999999999998,0.9999999999999998,0.0,100.0,100.0,dedicated_dataset,0.0,0.0,0.0,0.0,1.0,97.73696398732851,1.0,canonical_published,data/interim/canonical_sources/ea_flood_zones_simplified.parquet,,data/interim/flood_ea_flood_zones_simplified_clean.parquet,data/interim/canonical_sources/england_peat_map_simplified.parquet,,data/interim/peat_england_peat_map_simplified_clean.parquet,0.0,0.0,0.0,100.0,0.0,0.0,0,0.0,0.0,61.37,62.25,61.04,93.03,24.1,
hex_0182127,0.0,1009.0164094536693,50.0,1.0,0.39999999999999997,0.0,100.0,58.0,dedicated_dataset,1.0,1.0,1.0,0.0,100.0,100.0,dedicated_dataset,0.0,0.0,0.0,0.0,1.0,93.79829732628107,1.0,canonical_published,data/interim/canonical_sources/ea_flood_zones_simplified.parquet,,data/interim/flood_ea_flood_zones_simplified_clean.parquet,data/interim/canonical_sources/england_peat_map_simplified.parquet,,data/interim/peat_england_peat_map_simplified_clean.parquet,0.0,0.0,0.0,100.0,0.0,0.0,0,0.0,0.0,61.53,62.24,53.08,93.8,0.0,
hex_0084157,1.1056763635754585,312.74194441362533,100.0,0.0,0.0,793.1816824069377,96.4627106450762,28.94,dedicated_dataset,0.7184027942435782,0.7184027942435782,0.7184027942435782,0.0,100.0,80.29,dedicated_dataset,0.0,0.0,0.0,0.0,1.0,98.07779880021556,1.0,canonical_published,data/interim/canonical_sources/ea_flood_zones_simplified.parquet,,data/interim/flood_ea_flood_zones_simplified_clean.parquet,data/interim/canonical_sources/england_peat_map_simplified.parquet,,data/interim/peat_england_peat_map_simplified_clean.parquet,0.0,0.0,0.0,100.0,0.0,0.0,0,0.0,0.0,60.61,62.2,65.22,96.99,5.53,
hex_0085230,0.0,572.3288492316567,100.0,0.050134560358395364,0.02005382414335815,314.2455516104045,98.59858407071313,30.98,dedicated_dataset,0.7187507380095115,0.7187507380095115,0.7187507380095114,0.0,100.0,80.31,dedicated_dataset,0.0,0.0,0.0,0.0,1.0,96.48230363622305,1.0,canonical_published,data/interim/canonical_sources/ea_flood_zones_simplified.parquet,,data/interim/flood_ea_flood_zones_simplified_clean.parquet,data/interim/canonical_sources/england_peat_map_simplified.parquet,,data/interim/peat_england_peat_map_simplified_clean.parquet,0.0,0.0,0.0,100.0,0.0,0.0,0,0.0,0.0,60.46,62.19,65.04,96.48,0.0,
hex_0127310,6.937917268345123,307.3647191100504,80.0,0.9611128065684887,0.3844451226273955,0.0,100.0,56.91,dedicated_dataset,0.49421527184259173,0.49421527184259173,0.49421527184259173,17.54510606866097,99.92437332980796,64.57,dedicated_dataset,0.0,0.0,0.0,0.0,1.0,98.11084876078104,1.0,canonical_published,data/interim/canonical_sources/ea_flood_zones_simplified.parquet,,data/interim/flood_ea_flood_zones_simplified_clean.parquet,data/interim/canonical_sources/england_peat_map_simplified.parquet,,data/interim/peat_england_peat_map_simplified_clean.parquet,0.0,0.0,0.0,100.0,0.0,0.0,0,0.0,0.0,59.91,62.19,61.86,91.3,34.69,
hex_0097875,17.285248436888416,237.2505336734006,100.0,0.0159279320387919,0.00637117281551676,268.96928508718764,98.80049904070748,30.09,dedicated_dataset,0.7508782507664984,0.7508782507664984,0.7508782507664984,0.0,100.0,82.56,dedicated_dataset,0.0,0.0,0.0,0.0,0.9999999999999035,98.54179054449646,1.0,canonical_published,data/interim/canonical_sources/ea_flood_zones_simplified.parquet,,data/interim/flood_ea_flood_zones_simplified_clean.parquet,data/interim/canonical_sources/england_peat_map_simplified.parquet,,data/interim/peat_england_peat_map_simplified_clean.parquet,0.0,0.0,0.0,100.0,0.0,0.0,0,0.0,0.0,59.75,62.18,68.49,81.51,86.43,
hex_0008645,9.07694715930713,62.75898611957034,80.0,0.09708136351704247,0.03883254540681699,43.23540686249934,99.80718648975046,32.66,dedicated_dataset,0.923269551636302,0.923269551636302,0.923269551636302,0.0,100.0,94.63,dedicated_dataset,0.0,0.0,0.0,0.0,1.0,99.61426536935275,1.0,canonical_published,data/interim/canonical_sources/ea_flood_zones_simplified.parquet,,data/interim/flood_ea_flood_zones_simplified_clean.parquet,data/interim/canonical_sources/england_peat_map_simplified.parquet,,data/interim/peat_england_peat_map_simplified_clean.parquet,0.0,0.0,0.0,100.0,0.0,0.0,0,0.0,0.0,61.06,62.17,61.84,90.57,45.38,
hex_0003941,0.0,708.1026942819184,80.0,0.10122701747596166,0.04049080699038467,59.726977100364,99.7336403437132,32.75,dedicated_dataset,0.988914874831559,0.988914874831559,0.988914874831559,0.0,100.0,99.22,dedicated_dataset,0.0,0.0,0.0,0.0,1.0,95.64779885515094,1.0,canonical_published,data/interim/canonical_sources/ea_flood_zones_simplified.parquet,,data/interim/flood_ea_flood_zones_simplified_clean.parquet,data/interim/canonical_sources/england_peat_map_simplified.parquet,,data/interim/peat_england_peat_map_simplified_clean.parquet,0.0,0.0,0.0,100.0,0.0,0.0,0,0.0,0.0,61.27,62.13,60.05,95.65,0.0,
hex_0023180,0.0,3006.1011898758875,100.0,0.546688047839043,0.2186752191356172,34.68352798942942,99.84532462477459,45.26,dedicated_dataset,0.8679789569137298,0.8679789569137298,0.8679789569137298,0.0,100.0,90.76,dedicated_dataset,0.0,0.0,0.0,0.0,0.9999999999999035,81.52364459878592,1.0,canonical_published,data/interim/canonical_sources/ea_flood_zones_simplified.parquet,,data/interim/flood_ea_flood_zones_simplified_clean.parquet,data/interim/canonical_sources/england_peat_map_simplified.parquet,,data/interim/peat_england_peat_map_simplified_clean.parquet,0.0,0.0,0.0,100.0,0.0,0.0,0,0.0,0.0,58.94,62.12,65.54,81.52,0.0,
hex_0087989,14.443169127238342,173.3017466413267,100.0,0.0,0.0,954.8547352369995,95.7417101713658,28.72,dedicated_dataset,0.7490114740073992,0.7490114740073992,0.7490114740073992,0.0,100.0,82.43,dedicated_dataset,0.0,0.0,0.0,0.0,1.0,98.93483803094183,1.0,canonical_published,data/interim/canonical_sources/ea_flood_zones_simplified.parquet,,data/interim/flood_ea_flood_zones_simplified_clean.parquet,data/interim/canonical_sources/england_peat_map_simplified.parquet,,data/interim/peat_england_peat_map_simplified_clean.parquet,0.0,0.0,0.0,100.0,0.0,0.0,0,0.0,0.0,59.91,62.11,67.84,84.65,72.22,
hex_0050387,20.842454181957816,0.0,100.0,0.0,0.0,755.5152255688929,96.630688751185,28.99,dedicated_dataset,0.7805227990798069,0.7805227990798069,0.7805227990798069,0.0,100.0,84.64,dedicated_dataset,0.0,0.0,0.0,0.0,1.0,100.0,1.0,canonical_published,data/interim/canonical_sources/ea_flood_zones_simplified.parquet,,data/interim/flood_ea_flood_zones_simplified_clean.parquet,data/interim/canonical_sources/england_peat_map_simplified.parquet,,data/interim/peat_england_peat_map_simplified_clean.parquet,0.0,0.0,0.0,100.0,0.0,0.0,0,0.0,0.0,59.54,62.03,68.77,79.16,95.79,
hex_0087565,0.1515832587134624,472.09620792935425,100.0,0.01591686618174304,0.006366746472697215,174.75380099454742,99.22066435256716,30.21,dedicated_dataset,0.701654794164283,0.701654794164283,0.701654794164283,0.0,100.0,79.12,dedicated_dataset,0.0,0.0,0.0,0.0,1.0,97.098362040957,1.0,canonical_published,data/interim/canonical_sources/ea_flood_zones_simplified.parquet,,data/interim/flood_ea_flood_zones_simplified_clean.parquet,data/interim/canonical_sources/england_peat_map_simplified.parquet,,data/interim/peat_england_peat_map_simplified_clean.parquet,0.0,0.0,0.0,100.0,0.0,0.0,0,0.0,0.0,60.37,62.03,64.95,96.95,0.76,
hex_0013132,0.0,547.4230860723746,100.0,0.0,0.0,679.6691639140935,96.9689334086893,29.09,dedicated_dataset,0.7344557277253163,0.7344557277253163,0.7344557277253163,7.36533269676147,99.96825236709697,81.4,dedicated_dataset,0.0,0.0,0.0,0.0,0.9999999999999706,96.63538156095132,1.0,canonical_published,data/interim/canonical_sources/ea_flood_zones_simplified.parquet,,data/interim/flood_ea_flood_zones_simplified_clean.parquet,data/interim/canonical_sources/england_peat_map_simplified.parquet,,data/interim/peat_england_peat_map_simplified_clean.parquet,0.0,0.0,0.0,100.0,0.0,0.0,0,0.0,0.0,60.4,62.02,64.9,96.64,0.0,
hex_0054574,4.704891712476427,321.54172971403,100.0,0.0,0.0,677.6685096330173,96.97785556769561,29.09,dedicated_dataset,0.7137900436645713,0.7137900436645713,0.7137900436645713,0.0,100.0,79.97,dedicated_dataset,0.0,0.0,0.0,0.0,1.0,98.02371280962674,1.0,canonical_published,data/interim/canonical_sources/ea_flood_zones_simplified.parquet,,data/interim/flood_ea_flood_zones_simplified_clean.parquet,data/interim/canonical_sources/england_peat_map_simplified.parquet,,data/interim/peat_england_peat_map_simplified_clean.parquet,0.0,0.0,0.0,100.0,0.0,0.0,0,0.0,0.0,60.23,62.01,65.82,93.41,23.52,
hex_0013124,15.34556384403899,244.05538405827969,100.0,0.0,0.0,1033.5792392728385,95.39062875297928,28.62,dedicated_dataset,0.7553702465187333,0.7553702465187333,0.7553702465187333,0.0,100.0,82.88,dedicated_dataset,0.0,0.0,0.0,0.0,0.9999999999999706,98.49996599295224,1.0,canonical_published,data/interim/canonical_sources/ea_flood_zones_simplified.parquet,,data/interim/flood_ea_flood_zones_simplified_clean.parquet,data/interim/canonical_sources/england_peat_map_simplified.parquet,,data/interim/peat_england_peat_map_simplified_clean.parquet,0.0,0.0,0.0,100.0,0.0,0.0,0,0.0,0.0,59.74,62.01,67.96,83.38,76.73,
